Record Indicator,Trade Time,Trade Price,Trade Quantity,Buy Order Number,Sell Order Number
PO,2021-01-20 09:07:58.420883200,16090,100,0516A5832929C19C247DD27C60D42705,63D8D1EF8C305E2AE464878D73E029D7
PO,2021-01-20 09:07:58.420898560,16090,25,0516A5832929C19C247DD27C60D42705,E99B798203FB6A7ABC903D6DA7FCF529
PO,2021-01-20 09:07:58.420913664,16090,10,0516A5832929C19C247DD27C60D42705,0CBD12BE818F058D8775DED05BDFB7B7
PO,2021-01-20 09:07:58.420929024,16090,30,0516A5832929C19C247DD27C60D42705,CABB61CF88B21F2CBDE296DB7A0B8917
PO,2021-01-20 09:07:58.420944128,16090,150,0516A5832929C19C247DD27C60D42705,255EDD1163457BD2DE907AE18909E691
PO,2021-01-20 09:07:58.420959488,16090,185,0516A5832929C19C247DD27C60D42705,2D29495F70B0EEC82681BBC5169EDA6C
RM,2021-01-20 09:15:32.793044992,15935,5,E2D6EF88D5C8B00EFDAE7644B1314FC8,74DDF2F07779CDB79E9E297FB45F6D58
RM,2021-01-20 09:15:35.257949952,15935,5,05A22729BD47A9625D82AB9B25C6D218,74DDF2F07779CDB79E9E297FB45F6D58
RM,2021-01-20 09:15:37.424285952,15940,1,1651C67306001EB63E0E654F918EB093,32B290FBF6BF088823AAA66433320016
RM,2021-01-20 09:15:48.120040960,15905,10,E43942315138CE9C5E972307FF1FB6B1,A96D5B224C3EE98FD6615AAF554206B2
RM,2021-01-20 09:15:48.120208640,15850,482,983209EFAC81C040ABE18EF65E115A23,A96D5B224C3EE98FD6615AAF554206B2
RM,2021-01-20 09:15:48.120254464,15850,8,BEBA7E591BE5D4FD82AD885C752D1275,A96D5B224C3EE98FD6615AAF554206B2
RM,2021-01-20 09:15:48.120666624,15960,10,FFBEA76756BE5B2C0D49C12DECA7CFF3,D528A4C3170CAF593A2B4720C22203AF
RM,2021-01-20 09:15:52.256195072,15950,1,3694124B248A6F3719AEAE0C0B28AA2E,D89D54544F3A85A09864A14B2D464404
RM,2021-01-20 09:15:52.256210432,15955,4,3694124B248A6F3719AEAE0C0B28AA2E,14044D4B657AA534B76E1378FBFCC28E
RM,2021-01-20 09:15:56.311492864,15885,10,EF22E1B0B5B43E6CB3FC64509EB435E4,D9C41BBBC898A9367380091456657B60
RM,2021-01-20 09:15:56.311508224,15880,1,BFDC90F0DFC2A7BE9A86D8CC5141304C,D9C41BBBC898A9367380091456657B60
RM,2021-01-20 09:15:56.311523328,15875,7,6A61DE2390771886EB29CE018154A98D,D9C41BBBC898A9367380091456657B60
RM,2021-01-20 09:15:56.311554048,15865,8,F690DFEE2763D4121A72AE7A3E2986E2,D9C41BBBC898A9367380091456657B60
RM,2021-01-20 09:15:56.311599616,15825,100,38FAB9954980788F95DD7B7B255945FC,D9C41BBBC898A9367380091456657B60
RM,2021-01-20 09:15:56.311706624,15820,370,984F0263E5A77C185E91E4962368A26F,D9C41BBBC898A9367380091456657B60
RM,2021-01-20 09:15:56.311752192,15820,4,F159F3BE572277D10336A9F0E0474FA4,D9C41BBBC898A9367380091456657B60
RM,2021-01-20 09:15:58.976120064,15950,5,AEA183CE29C2CBD28DAE0C3E55DE1667,C348DB941F7BD3F1E870ED1693062A74
RM,2021-01-20 09:16:01.080047616,15855,20,89254C56F873CA0120B9CFC9DE32DD27,FEB91182F1FE3FE7227F38018972AB7D
RM,2021-01-20 09:16:01.080062976,15850,63,C50934CEEA11362F07E063143EC067C7,FEB91182F1FE3FE7227F38018972AB7D
RM,2021-01-20 09:16:01.080078080,15845,100,817C4E7A8F5690389D7785CBC66E6196,FEB91182F1FE3FE7227F38018972AB7D
RM,2021-01-20 09:16:02.863266048,15835,5,A23EDCCE90E295D3124F429B2716C3D4,F0FADAC7BE3CA363DABA4D9E732BBDF7
RM,2021-01-20 09:16:14.428222720,15820,30,EEEB1C294435482027ACFB03B1CD348A,79DCD24B3D605A62D1419030F926E1F6
RM,2021-01-20 09:16:24.799072256,15935,5,FCCAA2029CB6496EC02A1483383DB452,C348DB941F7BD3F1E870ED1693062A74
RM,2021-01-20 09:16:34.406158336,15875,20,AE3F27B59EAE840661B8C939EE6424FC,C348DB941F7BD3F1E870ED1693062A74
RM,2021-01-20 09:16:36.381469696,15855,10,222789BA1B7C09A9CD52751A645C5C00,EA08B4A77F2C9C2774C4512C96BED45A
RM,2021-01-20 09:16:36.381485056,15855,20,582EF75BAF96A5C52D9BC8E5FC5F388D,EA08B4A77F2C9C2774C4512C96BED45A
RM,2021-01-20 09:16:36.381622272,15820,463,4734D4A5A5FFBE9329ED34500CE412C1,EA08B4A77F2C9C2774C4512C96BED45A
RM,2021-01-20 09:16:36.381668096,15820,7,64B987EDA8B06D793D5363C38D52116F,EA08B4A77F2C9C2774C4512C96BED45A
RM,2021-01-20 09:16:45.926223872,15825,5,065E0D5893C5AE812FC9543A3AA6BC0C,E6729B7A5DA5AD63E5F8ED411E9E8A69
RM,2021-01-20 09:16:45.926238976,15825,10,C6472A46E4A0B863EA9AFEE1AD693D6B,E6729B7A5DA5AD63E5F8ED411E9E8A69
RM,2021-01-20 09:16:47.256805376,15820,63,22EA8A205FA61FAD48037FC353E8DB14,2D29495F70B0EEC82681BBC5169EDA6C
RM,2021-01-20 09:16:47.256820736,15820,44,C79FC5CBD0648B2A3DF19D43EB4F11DE,2D29495F70B0EEC82681BBC5169EDA6C
RM,2021-01-20 09:16:47.659072768,15815,30,C549D10B05C93018548956B8BAB7F13A,2D29495F70B0EEC82681BBC5169EDA6C
RM,2021-01-20 09:16:49.963516160,15810,100,DB4F004BB1FD585B2F7B38A3092A1817,3C42D6E350B17911C0033FA5E452D2C7
RM,2021-01-20 09:16:49.963607808,15795,100,839CF3727BA2C52A76EB8139AA15532C,CE3925D4373D108F0BC1C2E104A32C9E
RM,2021-01-20 09:16:49.963729920,15790,100,7F0306F6971FF7C8D88889B6C5A5B711,C04153DFB86A048212C3D2E25AA7883E
RM,2021-01-20 09:16:49.963745024,15785,100,33C4C24314AD0928D9F42E693882BA06,C04153DFB86A048212C3D2E25AA7883E
RM,2021-01-20 09:16:49.963760384,15770,100,C0938B8F0FE002C39015FCF9E621612B,C04153DFB86A048212C3D2E25AA7883E
RM,2021-01-20 09:16:49.963775744,15760,100,AD586782EDA73DF17697CBE23F7C6398,C04153DFB86A048212C3D2E25AA7883E
RM,2021-01-20 09:16:49.963790848,15750,100,DD51E40BE2BDB2501CD0705C15493AD7,C04153DFB86A048212C3D2E25AA7883E
RM,2021-01-20 09:16:50.989379840,15735,100,B587238CA3B364B0EDE9AE1D75B6114B,596A9BCE6EC0DBC76833736E5D6547DF
RM,2021-01-20 09:17:05.080337408,15615,5,906D7CBAB60747EC1E3ACBCFAC875FAC,CEB0666320AD7385F22FE14074DF7202
RM,2021-01-20 09:17:05.081176832,15645,1,AB6EB9F8302A1FB673EDA6108DAB3DBA,41EBD46F22161D563F41C264D878E07F
RM,2021-01-20 09:17:06.660400384,15615,27,B6D8644FBE3B15FF1162A4DCEFBD3ECE,0A1B596AC73F7089B0FDBDDD6B5B292E
RM,2021-01-20 09:17:06.660492032,15620,7,4C4B21C25C6BD5580C2899C0D48100F0,FA6667E108F5F955303333C97A7F3658
RM,2021-01-20 09:17:10.276458752,15605,10,5BD898D0C60C8BA665BF93E35174082E,ADC0E3FF1BAE7E14EFD7B35E89FB3A63
RM,2021-01-20 09:17:10.276474112,15605,50,5EB65980026CD89C55CBB8B61589F236,ADC0E3FF1BAE7E14EFD7B35E89FB3A63
RM,2021-01-20 09:17:12.179931648,15625,43,EC83F903FAB959B666A40DCCA58735EB,41EBD46F22161D563F41C264D878E07F
RM,2021-01-20 09:17:12.179947008,15625,20,EC83F903FAB959B666A40DCCA58735EB,659EF14C20DDD81CF807FD984898AB30
RM,2021-01-20 09:17:12.179962112,15630,7,EC83F903FAB959B666A40DCCA58735EB,2E94DBE209B44A83F6713376B172D76F
RM,2021-01-20 09:17:12.179977472,15630,10,EC83F903FAB959B666A40DCCA58735EB,BE45D5ABEA5DC5FD945E4CF1141C0A52
RM,2021-01-20 09:17:12.179992576,15635,8,EC83F903FAB959B666A40DCCA58735EB,2D25E284BEEBC5DD9E94C99367ABB47F
RM,2021-01-20 09:17:12.180007936,15660,5,EC83F903FAB959B666A40DCCA58735EB,A04C7AC9318BCEB2EBD003995C6EC8BD
RM,2021-01-20 09:17:12.180190976,15660,17,EC83F903FAB959B666A40DCCA58735EB,C4B489F6FF8BBD5CCFD7F7751A949E3D
RM,2021-01-20 09:17:12.180999680,15625,3,124153C38C5953F9783E1683AA23345F,4973C115C08C68C7B49A0CE0A4EE9A3B
RM,2021-01-20 09:17:12.804748544,15615,5,2F4C9F6D17BAF30E654A11CF3D37588E,BC656CC6D16386EEDF65FD3B5D852FB3
RM,2021-01-20 09:17:13.580169728,15630,5,2F4C9F6D17BAF30E654A11CF3D37588E,DC1BFE55D698C91442D0499EA0BEECED
RM,2021-01-20 09:17:17.380157440,15625,5,2F4C9F6D17BAF30E654A11CF3D37588E,F654F1A924DA3567C3934BF558CC9354
RM,2021-01-20 09:17:19.676711936,15615,1,20040DC6FEECA86B021F87D1F85946ED,353D0E8CE730ADD9A2E77801CF900E1C
RM,2021-01-20 09:17:26.428008960,15640,1,110A7B0303541267C4DFA4D1DE04D80F,8E94078E6A87263EE3713197AB5A483A
RM,2021-01-20 09:17:26.428024320,15640,20,110A7B0303541267C4DFA4D1DE04D80F,CF524B27C98A6232A727C96BB25CCB30
RM,2021-01-20 09:17:26.428039424,15645,9,110A7B0303541267C4DFA4D1DE04D80F,4B2F86BA2761A895F618D8DB00EDE759
RM,2021-01-20 09:17:26.428054784,15650,7,110A7B0303541267C4DFA4D1DE04D80F,235D9F4803CDBA42641FD71876384527
RM,2021-01-20 09:17:26.428176896,15700,513,110A7B0303541267C4DFA4D1DE04D80F,D5727D1726D6CD5319FADAE42566C7ED
RM,2021-01-20 09:17:26.428207360,15700,50,110A7B0303541267C4DFA4D1DE04D80F,A38B19FC15379D53020E6F271F463802
RM,2021-01-20 09:17:33.949569792,15645,5,0E99393DEC1393417F3CA131BF10F329,3523DDBB4523D8437F00C5DEC8EDD3AD
RM,2021-01-20 09:17:33.949584896,15650,9,0E99393DEC1393417F3CA131BF10F329,0ED6024EF75BCB8826D1C09AC6829490
RM,2021-01-20 09:17:33.949600256,15655,9,0E99393DEC1393417F3CA131BF10F329,7931FC7B2F4F99549324127764C0B1EF
RM,2021-01-20 09:17:33.949615360,15660,9,0E99393DEC1393417F3CA131BF10F329,043A3C4DF4946D4BD12CF5A5D7777E2E
RM,2021-01-20 09:17:33.949661184,15695,5,0E99393DEC1393417F3CA131BF10F329,78EF09B5F94958824EFED7CC78A1DDC1
RM,2021-01-20 09:17:33.949707008,15695,277,0E99393DEC1393417F3CA131BF10F329,D6D2C9A95B8F572363C992B6B5FED1E3
RM,2021-01-20 09:17:33.949737472,15695,9,0E99393DEC1393417F3CA131BF10F329,4CE3DC451F09CB3EE1AEBB9E218745FB
RM,2021-01-20 09:17:33.950271488,15695,10,0E99393DEC1393417F3CA131BF10F329,CE66D4CD31CAC29573A564B41B397281
RM,2021-01-20 09:17:33.950302208,15720,10,59C21FC45012CD817EF828AC15752A85,B6EC3FBB8A37F16FCD095218FD030184
RM,2021-01-20 09:17:35.675384576,15610,5,2F4C9F6D17BAF30E654A11CF3D37588E,2E784757B86D0C5D9547FB7E764F421E
RM,2021-01-20 09:17:40.795333888,15690,5,BA8642D8E85F3AFF2D3F071340504C9F,D8D5FEC3B81E0A3B99BD69768A674D10
RM,2021-01-20 09:17:40.795349248,15690,56,BA8642D8E85F3AFF2D3F071340504C9F,B376F7DB31705F93F9A7030BC7E81326
RM,2021-01-20 09:17:40.795425536,15690,139,BA8642D8E85F3AFF2D3F071340504C9F,2A897FFAA5F7C6D03D51B29F0A7370EF
RM,2021-01-20 09:17:48.586822400,15705,277,ED8F49FEBB676A313A286B7F97BD0004,72794ADBDFCD3DF458F49549DB40DF78
RM,2021-01-20 09:17:48.586853120,15705,9,ED8F49FEBB676A313A286B7F97BD0004,0E491050938F41CF065B22305364C6AD
RM,2021-01-20 09:17:48.587600640,15705,6,ED8F49FEBB676A313A286B7F97BD0004,B91083CD176C5DC72EB331BE4859955F
RM,2021-01-20 09:17:50.634918144,15680,6,7F21AD77120E8303CA0CC9DF1BA1735A,ED2752EE8CDED7F4EFF36419A7FA5506
RM,2021-01-20 09:17:54.500183040,15700,52,06100F7F57EBDA5171FBFCD8612ADD31,F4B11837B9F243733F71035B86E04AD2
RM,2021-01-20 09:17:54.500198400,15705,5,06100F7F57EBDA5171FBFCD8612ADD31,C6E469603CF4C833CA627A03663552A9
RM,2021-01-20 09:17:54.500213504,15705,50,06100F7F57EBDA5171FBFCD8612ADD31,A58D4202DE9B8A060954DFD8B9452C23
RM,2021-01-20 09:17:54.500228864,15705,5,06100F7F57EBDA5171FBFCD8612ADD31,7FF2F245454C1D0B7349B8623E5FB788
RM,2021-01-20 09:17:54.500244224,15710,10,06100F7F57EBDA5171FBFCD8612ADD31,06434731246DE3FFA19002673959EBEC
RM,2021-01-20 09:17:54.500259328,15710,4,06100F7F57EBDA5171FBFCD8612ADD31,091A6B510468C515C9C3CFA3F7674368
RM,2021-01-20 09:17:54.500274688,15710,10,06100F7F57EBDA5171FBFCD8612ADD31,283D8A81AEABD0FA9A4A918E1FF313CA
RM,2021-01-20 09:18:00.458252032,15615,5,2F4C9F6D17BAF30E654A11CF3D37588E,2A20AFA1A6BD06847C9BE9604F59D862
RM,2021-01-20 09:18:01.482574336,15690,5,EA9857B5FB6E729A166F9E20B59EB56D,E5198B3728782D2910AAC46E6B0C6845
RM,2021-01-20 09:18:01.482605056,15695,1,EA9857B5FB6E729A166F9E20B59EB56D,35DAC3AC248487A211C54E4903A63316
RM,2021-01-20 09:18:01.482696448,15695,277,EA9857B5FB6E729A166F9E20B59EB56D,D2D30D8AB2853A59C73A206B268C5C5D
RM,2021-01-20 09:18:02.700393728,15695,17,EA9857B5FB6E729A166F9E20B59EB56D,90C0B93E057304FA7BFB30CDB1E03ED9
RM,2021-01-20 09:18:02.874786304,15615,5,2F4C9F6D17BAF30E654A11CF3D37588E,4E8781507D5733A22B088457A3898E6F
RM,2021-01-20 09:18:05.618087680,15615,5,2F4C9F6D17BAF30E654A11CF3D37588E,9435E7D068E6A08AC212D65C3953B715
RM,2021-01-20 09:18:06.714294528,15685,20,D6645388A5F506FA837903136BE31E1A,5792985CFFB98A1C35F260725BBA9EFE
RM,2021-01-20 09:18:14.754257152,15700,7,A5AB5FA1B4292B649A1EC328C931AA9A,86954131CB15003AF1C76669AFEABE7E
RM,2021-01-20 09:18:14.754272512,15745,263,A5AB5FA1B4292B649A1EC328C931AA9A,13F0DBB2A53F3C1287A8BDD64D7AD3C2
RM,2021-01-20 09:18:14.754287616,15750,230,A5AB5FA1B4292B649A1EC328C931AA9A,961EBAFB072C1264221D0AE7124C21CF
RM,2021-01-20 09:18:14.754501376,15750,295,24304EDBEA907AC556DC144F033B566B,961EBAFB072C1264221D0AE7124C21CF
RM,2021-01-20 09:18:42.776733440,15785,5,FF993E7F90922F8C5FF50A143E5BB041,91D844AE56899639C34AF6E5DA7E24C7
RM,2021-01-20 09:18:51.864761344,15790,5,A22E83C7E25664EB93A6BDE7A6A13697,961EBAFB072C1264221D0AE7124C21CF
RM,2021-01-20 09:18:54.336166400,15790,5,F975DFB552ED1F6093E9D98ADCA8607A,961EBAFB072C1264221D0AE7124C21CF
RM,2021-01-20 09:19:03.111755264,15760,5,A1DB8CC9B1CD5B4B3C6928BAB4ED6D70,EABD07C860C4AA77678A963E95272FDC
RM,2021-01-20 09:19:03.111785984,15760,39,C0B5E666A287F37E3265592B5443983B,EABD07C860C4AA77678A963E95272FDC
RM,2021-01-20 09:19:03.111801088,15755,20,2F4C9F6D17BAF30E654A11CF3D37588E,EABD07C860C4AA77678A963E95272FDC
RM,2021-01-20 09:19:03.111816448,15755,8,43A1FCDD4493585E62C89606941A08A9,EABD07C860C4AA77678A963E95272FDC
RM,2021-01-20 09:19:03.111831552,15750,9,B09E6C56B100DE36D173EA453A96A5EB,EABD07C860C4AA77678A963E95272FDC
RM,2021-01-20 09:19:03.111969024,15730,208,0A9D951D300BDDCF296F9AF8B623CA36,EABD07C860C4AA77678A963E95272FDC
RM,2021-01-20 09:19:03.111999488,15730,20,8368E30177557418AA962337138CDE80,EABD07C860C4AA77678A963E95272FDC
RM,2021-01-20 09:19:03.112045312,15730,8,C23D6710AF2D83B2EAAA515D4319B3C9,EABD07C860C4AA77678A963E95272FDC
RM,2021-01-20 09:19:05.311675904,15785,5,C4004D71CE8256A11B00CC079C6FB36E,AB16F5C4C0CCDD34EE08B110D3AC98DA
RM,2021-01-20 09:19:06.607620352,15775,5,CCC212B8AC813877C017D2DC5647272E,AB16F5C4C0CCDD34EE08B110D3AC98DA
RM,2021-01-20 09:19:09.262848000,15775,10,F98441163A8A0CB23AB8834FF3BBEA31,AB16F5C4C0CCDD34EE08B110D3AC98DA
RM,2021-01-20 09:19:09.262863104,15780,44,F98441163A8A0CB23AB8834FF3BBEA31,552BF28A07EA7C8DB6B1B390E0F9E507
RM,2021-01-20 09:19:09.262878464,15790,46,F98441163A8A0CB23AB8834FF3BBEA31,961EBAFB072C1264221D0AE7124C21CF
RM,2021-01-20 09:19:09.399536128,15785,5,582BA5C9D65CA9A235C657FD140DB35C,7566EC275BF143A38E98EB28439D7FAA
RM,2021-01-20 09:19:12.567870976,15735,10,084986D058F37E63B0263921F17CD612,9B2EF10C58924C8C3F436D9E16E7B6B6
RM,2021-01-20 09:19:12.567886336,15735,64,30AE2DDEC8A7A580BB1B7A0CB9D388FA,9B2EF10C58924C8C3F436D9E16E7B6B6
RM,2021-01-20 09:19:12.567901696,15730,44,A5C6C4213962040701A22C74F1DE637D,9B2EF10C58924C8C3F436D9E16E7B6B6
RM,2021-01-20 09:19:12.567916800,15730,9,DF5519090962BD3729F55FBB024AE6B9,9B2EF10C58924C8C3F436D9E16E7B6B6
RM,2021-01-20 09:19:12.568023808,15715,10,135C83339D6E462C9BFEAB9E7DB52F7E,9B2EF10C58924C8C3F436D9E16E7B6B6
RM,2021-01-20 09:19:12.568069376,15715,5,AA3D56F9B719A7FD7D2A6C4AC96E2411,9B2EF10C58924C8C3F436D9E16E7B6B6
RM,2021-01-20 09:19:13.369567744,15710,10,159E5E14942FA0AF539400A7A474EE66,7566EC275BF143A38E98EB28439D7FAA
RM,2021-01-20 09:19:18.831405568,15755,5,9EDAD14975BEA731C0794E1C52B47663,E729A27065BBB88AEA94E74CD37272A8
RM,2021-01-20 09:19:21.841628928,15765,5,205BC758A77CA2756859B359B0E449D0,E729A27065BBB88AEA94E74CD37272A8
RM,2021-01-20 09:19:32.646453760,15775,5,77A9ECCD3D0BC6A33A0527EF32E30284,5D666C6E3912DCB64DF4902DDC4634EB
RM,2021-01-20 09:19:35.158477824,15775,5,BB1E9C8EAA088F6E7CFA00852F244ED9,5D666C6E3912DCB64DF4902DDC4634EB
RM,2021-01-20 09:19:35.894683904,15775,5,4156A07B7D16F811EFB8D18B030F7FFB,5D666C6E3912DCB64DF4902DDC4634EB
RM,2021-01-20 09:19:37.702377216,15740,10,4BEF7234F8E2E0D5ED44FB9D6618435B,687A29E82D1208290FEBF5B3C595CBC4
RM,2021-01-20 09:19:43.406799360,15735,10,53619EDAA91386E460FB00CBBA92C91C,98F9BC9C6A3599C890DCBF91DD560830
RM,2021-01-20 09:19:46.053070080,15700,10,3697432EF7E3DF74B42B9660D08CC6F3,98F9BC9C6A3599C890DCBF91DD560830
RM,2021-01-20 09:19:49.901977600,15695,38,A39AFD4D4F7B75FE1E47CBDCA1CE811C,AE95FAADB91FE3D2569793A82EF14E54
RM,2021-01-20 09:19:49.902847232,15680,10,15C9D81C936FD06A83AE1EB37FFEA20D,AE95FAADB91FE3D2569793A82EF14E54
RM,2021-01-20 09:19:49.902908416,15680,10,CEFDB63A8773B9C697D84E00E21DD2BE,AE95FAADB91FE3D2569793A82EF14E54
RM,2021-01-20 09:19:49.903244032,15680,10,EDA700F2AE5225EA22CCB7BF0ECF168B,AE95FAADB91FE3D2569793A82EF14E54
RM,2021-01-20 09:19:49.903320320,15680,10,14DCB73465B172F90BC63EEC329E9F4E,AE95FAADB91FE3D2569793A82EF14E54
RM,2021-01-20 09:19:49.904373248,15680,10,F9100D0E45191F872D8B139B883D11C0,AE95FAADB91FE3D2569793A82EF14E54
RM,2021-01-20 09:19:49.904403712,15680,10,BDBD95826562B4278D03D278694BC9F7,AE95FAADB91FE3D2569793A82EF14E54
RM,2021-01-20 09:19:49.904586752,15680,10,484421FA6AEC59EDF40AA991B041BED4,AE95FAADB91FE3D2569793A82EF14E54
RM,2021-01-20 09:19:49.904739328,15680,10,3868B469BE5DB2A2E161E23ACA2E88C2,AE95FAADB91FE3D2569793A82EF14E54
RM,2021-01-20 09:19:49.905319168,15680,10,14DF45CCAF7B7596ED85E8FEAD0E64CD,AE95FAADB91FE3D2569793A82EF14E54
RM,2021-01-20 09:19:49.905380352,15680,10,9B1E2CD29963A5A337EFD341DE962723,AE95FAADB91FE3D2569793A82EF14E54
RM,2021-01-20 09:19:54.407272448,15660,16,AF004947748468EBC2AC099C98A7351D,4A3521F71D66EDD01E15910C76C17BD0
RM,2021-01-20 09:20:19.303848192,15740,1,8D11D634604A6229950A0C62F1D22295,6A66BF386A434C321ED7B2269F4F58A7
RM,2021-01-20 09:21:11.591491584,15665,1,6677777AFBA0D4424A786B51B5ED2EB0,14044D4B657AA534B76E1378FBFCC28E
RM,2021-01-20 09:21:11.591506944,15665,13,DFF15C3403AF0DF4B2AB328C0C21EF7D,14044D4B657AA534B76E1378FBFCC28E
RM,2021-01-20 09:22:32.255386368,15670,10,DFF15C3403AF0DF4B2AB328C0C21EF7D,F820916034F7B6B438636BAA038FBB00
RM,2021-01-20 09:22:40.803878912,15740,4,02AA7FC6AA3AA524A30361387674DA3D,6A66BF386A434C321ED7B2269F4F58A7
RM,2021-01-20 09:24:14.349166848,15740,7,22924FD108E16BC55425DADEDF9AA6B8,6A66BF386A434C321ED7B2269F4F58A7
RM,2021-01-20 09:27:36.242980864,15765,5,DC1DA9B057D39AB1B1F8E0005CFCDFCD,6A66BF386A434C321ED7B2269F4F58A7
RM,2021-01-20 09:27:37.099823104,15765,4,BE0FDD271B3663EED9F29950844C8141,6A66BF386A434C321ED7B2269F4F58A7
RM,2021-01-20 09:27:37.100051968,15765,5,BE0FDD271B3663EED9F29950844C8141,30D25564A324543BF292327529C0883A
RM,2021-01-20 09:27:42.523269632,15705,10,64F6362338A6978C0E09294F9C9BB85A,61A5131F5C1F878663E50E5489507D53
RM,2021-01-20 09:27:42.523284992,15700,4,41396B57323A72B6B9AE2E4761E3F1B5,61A5131F5C1F878663E50E5489507D53
RM,2021-01-20 09:29:44.886230528,15725,10,0E64D3139D592BEBD509FC97708A2660,CB6D96C336B79AF000E737ECA0D736FC
RM,2021-01-20 09:33:24.466110208,15760,10,B8208819698954A0F057A6C225276B5F,86E902E8A9B7D2AC84A45C6E19D50482
RM,2021-01-20 09:33:24.466125568,15765,100,B8208819698954A0F057A6C225276B5F,423FB6F8EA0C014674BD1CE4DAC55623
RM,2021-01-20 09:33:50.587890688,15710,10,7DCDF0685AB97332298F1FC582A958CC,4374923168C9469431B35B90A6FDF814
RM,2021-01-20 09:33:50.587905792,15705,10,1478228ABF2AC7F94EA220D07AFAB9E7,4374923168C9469431B35B90A6FDF814
RM,2021-01-20 09:34:08.559814400,15760,10,9074964B161362A154CE0349C48B0F9D,F249345BCBAE8CF6B6FD7D90793D9276
RM,2021-01-20 09:34:08.559951872,15760,10,A017E030A92B0034C483F1BBAE572137,DAF667128E18B739621D1F524783D48D
RM,2021-01-20 09:34:08.560302848,15760,10,16A0CB443AEC060D995E32BF2FD9BFCA,758CA2BBBCBFE921F6C0EC405D50F528
RM,2021-01-20 09:34:08.560317952,15765,5,16A0CB443AEC060D995E32BF2FD9BFCA,423FB6F8EA0C014674BD1CE4DAC55623
RM,2021-01-20 09:37:27.744110080,15750,5,A85DAC8EE74538A4FFD876B865E0C534,176104C8AE488DF29786EFA5C8C991F3
RM,2021-01-20 09:37:27.744232192,15755,45,A85DAC8EE74538A4FFD876B865E0C534,226715115D65BA9BA5C14B0B94E60726
RM,2021-01-20 09:41:22.845672704,15705,10,78D3011CCC6653C701C14ADE464A79A3,7E96382FA5EDC4408CBB65A907E19F6D
RM,2021-01-20 09:41:22.845687808,15705,263,19C639DBE4C57739A21235CE724D6680,7E96382FA5EDC4408CBB65A907E19F6D
RM,2021-01-20 09:41:32.072616704,15705,10,BA8DC2715AC2CC8B15375A1CFF52F56F,FC868CCD2EC21F92AF39140B21B931CE
RM,2021-01-20 09:41:32.072631808,15700,490,41396B57323A72B6B9AE2E4761E3F1B5,FC868CCD2EC21F92AF39140B21B931CE
RM,2021-01-20 09:41:32.072814848,15700,6,41396B57323A72B6B9AE2E4761E3F1B5,F26EE830FEF5B318CAF7C0FC65FB4A7F
RM,2021-01-20 09:41:37.086105344,15690,190,B2B97C6721B1413ED0DB6ECF7479AAD5,1BB188A4B9584EDAF8B7AB63CFC60E5B
RM,2021-01-20 09:41:37.086242560,15665,100,39B20B84BD27ED1FDD6FCC4A44388FC3,816371314EAB060C3CB919F6D9CFA9CA
RM,2021-01-20 09:41:37.086257920,15665,25,3217D0940F3EA63546BB27C75FB48482,816371314EAB060C3CB919F6D9CFA9CA
RM,2021-01-20 09:41:37.086273280,15650,100,5768CE2C7ADF426016DF07C907A089BD,816371314EAB060C3CB919F6D9CFA9CA
RM,2021-01-20 09:41:39.578185984,15640,1,23130F862F30259BF48D26A3CDD61CA9,758A08E58BC4180F22E3017462EE4D69
RM,2021-01-20 09:41:39.578201344,15635,49,B02D562A4C6B276A53BD8D19A2390852,758A08E58BC4180F22E3017462EE4D69
RM,2021-01-20 09:43:33.962371840,15615,1,685CE9886D4BC18FF284A5A29BB2A214,87C6C18A730B41972AD5B72C84CA6BB0
RM,2021-01-20 09:45:25.040328960,15635,1,D9B1AE0A7869BCA3B78554C79549A9CC,26C0F88FC82EE74B96A4BBC1CBFA0DC2
RM,2021-01-20 09:45:25.040344320,15640,10,D9B1AE0A7869BCA3B78554C79549A9CC,E50D077927A60DBC0B914358DB44F1BD
RM,2021-01-20 09:45:25.040359424,15640,35,D9B1AE0A7869BCA3B78554C79549A9CC,E585E282BEDF4EBB6438E6609251DFC6
RM,2021-01-20 09:45:25.040374784,15655,104,D9B1AE0A7869BCA3B78554C79549A9CC,D5509A22EE65407B38B1C52A140C5124
RM,2021-01-20 09:45:40.499496448,15650,10,5BF536B3C956358385691F9643FBE24B,921659E93FA4ADEF01574772849925E8
RM,2021-01-20 09:45:40.499588096,15650,25,5BF536B3C956358385691F9643FBE24B,C8CF17915E02C4523684700C50FB9135
RM,2021-01-20 09:48:06.095413248,15675,110,4CFF93593096970EDA53EFFCFDF58D1D,1BB188A4B9584EDAF8B7AB63CFC60E5B
RM,2021-01-20 09:48:06.095428352,15675,15,4CFF93593096970EDA53EFFCFDF58D1D,B8F4B4C9FFAEB32E5F05DF876B664C4A
RM,2021-01-20 09:48:41.068496640,15710,1,F180BFD539209AA80DB2B91D96AC127C,8898B5BD5E8F3477CE96D1CECB9541FD
RM,2021-01-20 09:48:41.068512000,15710,10,F180BFD539209AA80DB2B91D96AC127C,6B2B7C05F2D53F7085D2A34DA1EA62EC
RM,2021-01-20 09:48:41.068603392,15710,319,F180BFD539209AA80DB2B91D96AC127C,73B95429A677B37846165B262A3448CB
RM,2021-01-20 09:50:01.143707392,15725,1,90A342714C0A117037A64C6F2AE0C24F,E406DF7AC1817302F2D24813F677A97D
RM,2021-01-20 09:50:24.701690624,15725,32,493C924364671EBD0B48FE0F6ACDBD39,F2C0BD82E4FFF2BDC1C5EF7D61E468E2
RM,2021-01-20 09:54:06.481933568,15700,100,56109E7244E723AA9121EA2B794B979D,F6E86C454E25B000EBD8AAEB2EC98378
RM,2021-01-20 09:54:20.521804800,15700,83,E46F1D3550450D7D44880BC39C3A69DC,961EBAFB072C1264221D0AE7124C21CF
RM,2021-01-20 09:54:20.521835264,15700,319,565D8F482FF32450B1CB39D5D459A3AE,961EBAFB072C1264221D0AE7124C21CF
RM,2021-01-20 09:54:20.521957376,15700,448,22A81785615E376BC649BEFC1528F852,961EBAFB072C1264221D0AE7124C21CF
RM,2021-01-20 09:54:21.500183040,15700,448,D47DFAA76E20153EF9B8FA3C3A0850A8,961EBAFB072C1264221D0AE7124C21CF
RM,2021-01-20 09:54:21.929794304,15690,83,CBD7F985F4082BB77790C03DA84C52F6,287DCE09C1650B29508FC4D18367CA29
RM,2021-01-20 09:54:25.937454336,15690,10,47B618D8EBAA433AADCE0A500F2CFBD6,E98C92621E037BBE8CCABD1ACCDD8089
RM,2021-01-20 09:54:25.937484800,15685,100,57316C1293C9A7BFFCF83AB53F82981B,E98C92621E037BBE8CCABD1ACCDD8089
RM,2021-01-20 09:54:25.937561088,15680,83,A7ED5F79761B1FE0AEE724022B3EAFA5,E98C92621E037BBE8CCABD1ACCDD8089
RM,2021-01-20 09:54:25.937591552,15680,10,FFAA12B6559023ECDAB0CAD926022D13,E98C92621E037BBE8CCABD1ACCDD8089
RM,2021-01-20 09:54:25.937637376,15680,37,CD84FE4E17ED5685E8F7B57FAE861572,E98C92621E037BBE8CCABD1ACCDD8089
RM,2021-01-20 09:54:31.633346560,15680,10,AE2DAA26F508EDA5AD84C290932808F5,D521A698278598AD345B41BD4B5E10FF
RM,2021-01-20 09:54:31.633361920,15675,5,DC49CDBD62159A4BC4A84D60B989764D,D521A698278598AD345B41BD4B5E10FF
RM,2021-01-20 09:54:31.633392384,15670,50,ABBF06E5AB0FBBF518DA1F118D179D7C,D521A698278598AD345B41BD4B5E10FF
RM,2021-01-20 09:54:31.633453312,15670,82,75CA352365E1BDAC56082838A2A8120C,D521A698278598AD345B41BD4B5E10FF
RM,2021-01-20 09:54:32.136733952,15665,5,C431242A5E60923A95C8473756E53CDF,5F0CE49B56BB9510B0A0B5AE029B77BF
RM,2021-01-20 09:54:32.700332544,15665,5,C431242A5E60923A95C8473756E53CDF,C1FEF67EE856F66E5147D1F39BD2CD40
RM,2021-01-20 09:54:38.641662720,15640,2,A6DDCC4F945ABE0E0DEFEE61A5A2D5E5,FF2FF2592DF9CE9CC16907842DF2DB1D
RM,2021-01-20 09:54:38.641677824,15640,3,BF21A40CA665FBD1E12545FD6CA838F3,FF2FF2592DF9CE9CC16907842DF2DB1D
RM,2021-01-20 09:54:42.021148672,15640,7,BF21A40CA665FBD1E12545FD6CA838F3,22C93E31B295487EEBFBD250A52D4155
RM,2021-01-20 09:54:46.160415744,15630,1,F1E40007A350B5E54227D6BEB8952C3E,BAA8CA4A94714BA7D1D352B0EED454E8
RM,2021-01-20 09:54:46.160507136,15630,4,D1877A5EB1F328333CA4C4F262E4952D,BAA8CA4A94714BA7D1D352B0EED454E8
RM,2021-01-20 09:54:51.368408320,15640,10,57A7B2B2B881335162D8A1411880012A,72D52B702C88071B2431E6E34CE256C7
RM,2021-01-20 09:54:52.259185664,15620,22,66DC5024B3848075DFE5A9AF8FDDB2D3,8E5E9918B1D5892B7358B359C4A1690E
RM,2021-01-20 09:54:52.259201024,15620,3,139178F21CF4AD5C97FF3A6699B88820,8E5E9918B1D5892B7358B359C4A1690E
RM,2021-01-20 09:55:00.096466176,15620,5,66DC5024B3848075DFE5A9AF8FDDB2D3,1D2C84818701A80DE20ECAB3261F94A8
RM,2021-01-20 09:55:04.521377536,15620,5,66DC5024B3848075DFE5A9AF8FDDB2D3,26B3629895F17119B12B5CFC05D2888B
RM,2021-01-20 09:55:05.327697664,15620,5,66DC5024B3848075DFE5A9AF8FDDB2D3,89092770CC6252C559236EC666AE5625
RM,2021-01-20 09:55:07.669097984,15620,5,66DC5024B3848075DFE5A9AF8FDDB2D3,66F6BEC605DB228F19153687D7D61852
RM,2021-01-20 09:55:08.432769792,15620,2,66DC5024B3848075DFE5A9AF8FDDB2D3,0E47B31D470825899DA30E7CEB28CC56
RM,2021-01-20 09:55:08.432785152,15620,3,8E5FE76BFE50BB8B170EFB0403897175,0E47B31D470825899DA30E7CEB28CC56
RM,2021-01-20 09:55:09.191955456,15620,5,8E5FE76BFE50BB8B170EFB0403897175,20874945D9507BF472D95B8F93FF8159
RM,2021-01-20 09:55:09.967742976,15620,5,8E5FE76BFE50BB8B170EFB0403897175,DF7AF47325A4C4231180F94649502C85
RM,2021-01-20 09:55:10.980880640,15620,12,8E5FE76BFE50BB8B170EFB0403897175,9140CB94E9ADE5E2CD908EAA0533EF5D
RM,2021-01-20 09:55:10.980896000,15620,22,66DC5024B3848075DFE5A9AF8FDDB2D3,9140CB94E9ADE5E2CD908EAA0533EF5D
RM,2021-01-20 09:55:10.980911360,15620,25,8E5FE76BFE50BB8B170EFB0403897175,9140CB94E9ADE5E2CD908EAA0533EF5D
RM,2021-01-20 09:55:10.980926464,15620,22,66DC5024B3848075DFE5A9AF8FDDB2D3,9140CB94E9ADE5E2CD908EAA0533EF5D
RM,2021-01-20 09:55:10.980941824,15620,25,8E5FE76BFE50BB8B170EFB0403897175,9140CB94E9ADE5E2CD908EAA0533EF5D
RM,2021-01-20 09:55:10.980956928,15620,14,66DC5024B3848075DFE5A9AF8FDDB2D3,9140CB94E9ADE5E2CD908EAA0533EF5D
RM,2021-01-20 09:55:10.981018112,15630,10,9D12CDB281C9BE8654355E257AB1469D,FA1042D600E7CEEFC21A1946D52DB0B2
RM,2021-01-20 09:55:13.264709376,15620,5,66DC5024B3848075DFE5A9AF8FDDB2D3,61F573B651E31FDC2EDB342025EA7B16
RM,2021-01-20 09:55:16.008041472,15640,2,8DD750A154393BB60034A8BFEBFA2233,34BBA462FBE7E698734F1D103E87D0B7
RM,2021-01-20 09:55:16.008071936,15645,31,8DD750A154393BB60034A8BFEBFA2233,2EC60656757F448B5D4F775A127AC910
RM,2021-01-20 09:55:16.008163328,15655,10,0333095291515E7255EC5265F3102A26,85A9CAF72F11FFF3BDD64A1CB1B8A76D
RM,2021-01-20 09:55:16.008178688,15660,10,0333095291515E7255EC5265F3102A26,30C1BE519AF196DB2FB0D0C3D6B7F03D
RM,2021-01-20 09:55:16.008194048,15665,263,0333095291515E7255EC5265F3102A26,2B04B444D0CD45F51F3AD9EA4912A2F2
RM,2021-01-20 09:55:16.008285440,15650,1,8DD750A154393BB60034A8BFEBFA2233,AFDD3F743220AA95C70D567A6D9E43D9
RM,2021-01-20 09:55:21.631515392,15630,5,B276E6AEAE8EF501720CFFD4DFAE9BA2,2C54FBF9CD28E0CA7D41CBF2B1F2834C
RM,2021-01-20 09:55:30.463348480,15680,1,8EBACE387A64045B5FB1C40AD0EBE5DC,DF91A3A581F0E3ED1F2476E80497DA07
RM,2021-01-20 09:55:30.463363584,15685,153,8EBACE387A64045B5FB1C40AD0EBE5DC,6515BD1C507D8D078BBB11A0F0727C89
RM,2021-01-20 09:55:30.463378944,15685,12,8EBACE387A64045B5FB1C40AD0EBE5DC,182E12CF9B77448D2238D9B211E76112
RM,2021-01-20 09:55:30.463394048,15700,434,8EBACE387A64045B5FB1C40AD0EBE5DC,961EBAFB072C1264221D0AE7124C21CF
RM,2021-01-20 09:55:35.630691584,15700,63,31B11B36105609F3052610E6ED5A78AD,961EBAFB072C1264221D0AE7124C21CF
RM,2021-01-20 09:56:38.064804096,15695,76,C80C502501F7A2D515B0631D412D7ED6,C20C012200A98220122CBA43BAFAF820
RM,2021-01-20 09:56:38.064819456,15700,24,C80C502501F7A2D515B0631D412D7ED6,961EBAFB072C1264221D0AE7124C21CF
RM,2021-01-20 09:57:12.250839296,15700,10,CF67A303C4495599A111589C651CEB93,961EBAFB072C1264221D0AE7124C21CF
RM,2021-01-20 09:57:12.250869760,15700,10,EF259C52E82D164848E91B9E1E7DD88C,961EBAFB072C1264221D0AE7124C21CF
RM,2021-01-20 09:57:12.250900224,15700,10,83F339EF781D4886D001ADFA3AF15B75,961EBAFB072C1264221D0AE7124C21CF
RM,2021-01-20 09:57:12.250946048,15700,10,00E71C628E205B9B03174216D80BE24E,961EBAFB072C1264221D0AE7124C21CF
RM,2021-01-20 09:57:12.251525888,15700,10,8E2BA998F00E9C3A61E8862FB9798785,961EBAFB072C1264221D0AE7124C21CF
RM,2021-01-20 09:57:12.251586816,15700,3,3A80857B6DAFDFC0EFF691419F42EB5D,961EBAFB072C1264221D0AE7124C21CF
RM,2021-01-20 09:57:27.062561024,15700,100,9A2406A503AF36233B5E191D92472A3D,961EBAFB072C1264221D0AE7124C21CF
RM,2021-01-20 09:59:03.915161088,15665,1,60F8FDB0C66B0B20AFA7DA7AA9E9822F,46F1E615C1972981E0DA81E8C51CF6B3
RM,2021-01-20 09:59:03.915252736,15665,1,A189FDDF81E49A57BB19AFEC761030AF,C417C401EA8E16AB00C915E709EA6C11
RM,2021-01-20 10:01:55.760727040,15700,30,579DECEBEF7AEC6B5800390666769456,961EBAFB072C1264221D0AE7124C21CF
RM,2021-01-20 10:01:55.761520384,15700,8,BCCFC21043A314CF74E3C9B62021CAC5,961EBAFB072C1264221D0AE7124C21CF
RM,2021-01-20 10:01:55.761612032,15700,10,CD687D1B31FA9F05973B9F7DABBB90BB,961EBAFB072C1264221D0AE7124C21CF
RM,2021-01-20 10:01:55.761688320,15700,8,54568160B284936E0A11EE8E48F1C1FD,961EBAFB072C1264221D0AE7124C21CF
RM,2021-01-20 10:01:55.761733888,15700,10,22696023E85BF74C0CFA1AA6D4936D2B,961EBAFB072C1264221D0AE7124C21CF
RM,2021-01-20 10:01:55.762283264,15700,7,D5530002F686F6973A169D78E31E428D,961EBAFB072C1264221D0AE7124C21CF
RM,2021-01-20 10:01:55.762435840,15700,1,F7DBD28CD6DE20B028980D5647F28995,7A842F78C10310BF4F3E8D0EFF2748B3
RM,2021-01-20 10:01:55.762451200,15700,9,F7DBD28CD6DE20B028980D5647F28995,961EBAFB072C1264221D0AE7124C21CF
RM,2021-01-20 10:01:55.762527488,15700,1,FA369E288F875E8DA1B28A9991C5A8FC,961EBAFB072C1264221D0AE7124C21CF
RM,2021-01-20 10:01:55.762557952,15700,10,C0F1CA480F0FC571CC2641F6B20797D2,961EBAFB072C1264221D0AE7124C21CF
RM,2021-01-20 10:01:55.762848000,15700,10,88ABA984BC6505B52C91604013E0A7B2,961EBAFB072C1264221D0AE7124C21CF
RM,2021-01-20 10:01:55.763076864,15700,10,18AA3DDB85E1673FE4DE8EDA4CE6162C,961EBAFB072C1264221D0AE7124C21CF
RM,2021-01-20 10:01:55.763198976,15700,10,2BED774D0C46C6A3075BAEEB7AD7C0E3,961EBAFB072C1264221D0AE7124C21CF
RM,2021-01-20 10:01:55.763244544,15700,10,10EA1D819F947BC563067926492FA8F6,961EBAFB072C1264221D0AE7124C21CF
RM,2021-01-20 10:01:55.763427840,15700,10,DA8CFF94F76BDF0FB440C89C196FC13E,961EBAFB072C1264221D0AE7124C21CF
RM,2021-01-20 10:01:55.763793920,15700,10,F6E7EB5B996762987856DBA1B053C277,961EBAFB072C1264221D0AE7124C21CF
RM,2021-01-20 10:01:55.764022784,15700,20,3175A256EC64B32A1CC326B4A94FE0F8,961EBAFB072C1264221D0AE7124C21CF
RM,2021-01-20 10:01:55.764114432,15700,10,7C55CB26C4860E748E02278D0B0C0E4B,961EBAFB072C1264221D0AE7124C21CF
RM,2021-01-20 10:01:55.764175360,15700,1,E4C06A057D240647C4939D478F6332CA,961EBAFB072C1264221D0AE7124C21CF
RM,2021-01-20 10:01:55.764205824,15700,10,D4ADD0B2090CF9B673E2C8945A140EA4,961EBAFB072C1264221D0AE7124C21CF
RM,2021-01-20 10:11:03.798767104,15695,10,23084F1F93D6CB142D1FAB6E5F1B0B5A,929AF8929D7C8E771FBBA785312A223A
RM,2021-01-20 10:11:25.152816896,15695,1,477EFEE138FCC4E3303E65756FBEAB20,929AF8929D7C8E771FBBA785312A223A
RM,2021-01-20 10:16:25.272201472,15690,10,A0B1976B055367DD6EE5C742E003F958,E279EF49B1B748AE1F4B9512B65CDD21
RM,2021-01-20 10:16:25.272216832,15695,90,A0B1976B055367DD6EE5C742E003F958,929AF8929D7C8E771FBBA785312A223A
RM,2021-01-20 10:18:21.947814912,15695,10,AAD0C41D210672AD8A40E26E1A18073F,929AF8929D7C8E771FBBA785312A223A
RM,2021-01-20 10:22:10.908538880,15685,10,70A6EA349BC3F965467A994B2135D968,FE47A7B98E7867977011F7D014B0A9B8
RM,2021-01-20 10:22:10.908553984,15690,1,70A6EA349BC3F965467A994B2135D968,70A1FD7EE5ADFAC18F1CAA98320AF723
RM,2021-01-20 10:24:12.444534272,15680,1,AD310FF92FAC5EA405D4C6947E91956A,929AF8929D7C8E771FBBA785312A223A
RM,2021-01-20 10:24:21.347259648,15650,25,DBA83677ED52A9B33488F2139B6BCEF3,96C865F75285AEA9A0CF40955ECD2864
RM,2021-01-20 10:24:21.347274752,15640,1,19CE9C135ABB3B39222A034937DB2DDA,96C865F75285AEA9A0CF40955ECD2864
RM,2021-01-20 10:24:21.347290112,15635,163,466A4D88B76947FEBDA2BD2D27021FB9,96C865F75285AEA9A0CF40955ECD2864
RM,2021-01-20 10:24:21.347305216,15630,14,B276E6AEAE8EF501720CFFD4DFAE9BA2,96C865F75285AEA9A0CF40955ECD2864
RM,2021-01-20 10:24:21.347320576,15630,160,04AE11A00D8CEAEB2421C0211168D46B,96C865F75285AEA9A0CF40955ECD2864
RM,2021-01-20 10:24:21.347335936,15620,25,8E5FE76BFE50BB8B170EFB0403897175,96C865F75285AEA9A0CF40955ECD2864
RM,2021-01-20 10:24:21.347351040,15620,26,FB1D8300FDF6B5D167868F45B13CC393,96C865F75285AEA9A0CF40955ECD2864
RM,2021-01-20 10:24:21.347366400,15620,28,66DC5024B3848075DFE5A9AF8FDDB2D3,96C865F75285AEA9A0CF40955ECD2864
RM,2021-01-20 10:24:21.347381504,15620,25,8E5FE76BFE50BB8B170EFB0403897175,96C865F75285AEA9A0CF40955ECD2864
RM,2021-01-20 10:24:21.347396864,15620,28,66DC5024B3848075DFE5A9AF8FDDB2D3,96C865F75285AEA9A0CF40955ECD2864
RM,2021-01-20 10:24:21.347412224,15620,25,8E5FE76BFE50BB8B170EFB0403897175,96C865F75285AEA9A0CF40955ECD2864
RM,2021-01-20 10:24:21.347427328,15620,28,66DC5024B3848075DFE5A9AF8FDDB2D3,96C865F75285AEA9A0CF40955ECD2864
RM,2021-01-20 10:24:21.347442688,15620,25,8E5FE76BFE50BB8B170EFB0403897175,96C865F75285AEA9A0CF40955ECD2864
RM,2021-01-20 10:24:21.347457792,15620,28,66DC5024B3848075DFE5A9AF8FDDB2D3,96C865F75285AEA9A0CF40955ECD2864
RM,2021-01-20 10:24:21.347473152,15620,25,8E5FE76BFE50BB8B170EFB0403897175,96C865F75285AEA9A0CF40955ECD2864
RM,2021-01-20 10:24:21.347488512,15620,28,66DC5024B3848075DFE5A9AF8FDDB2D3,96C865F75285AEA9A0CF40955ECD2864
RM,2021-01-20 10:24:21.347503616,15620,25,8E5FE76BFE50BB8B170EFB0403897175,96C865F75285AEA9A0CF40955ECD2864
RM,2021-01-20 10:24:21.347518976,15620,28,66DC5024B3848075DFE5A9AF8FDDB2D3,96C865F75285AEA9A0CF40955ECD2864
RM,2021-01-20 10:24:21.347534080,15620,25,8E5FE76BFE50BB8B170EFB0403897175,96C865F75285AEA9A0CF40955ECD2864
RM,2021-01-20 10:24:21.347549440,15620,28,66DC5024B3848075DFE5A9AF8FDDB2D3,96C865F75285AEA9A0CF40955ECD2864
RM,2021-01-20 10:24:21.347564800,15620,25,8E5FE76BFE50BB8B170EFB0403897175,96C865F75285AEA9A0CF40955ECD2864
RM,2021-01-20 10:24:21.347579904,15620,28,66DC5024B3848075DFE5A9AF8FDDB2D3,96C865F75285AEA9A0CF40955ECD2864
RM,2021-01-20 10:24:21.347595264,15620,25,8E5FE76BFE50BB8B170EFB0403897175,96C865F75285AEA9A0CF40955ECD2864
RM,2021-01-20 10:24:21.347610368,15620,26,66DC5024B3848075DFE5A9AF8FDDB2D3,96C865F75285AEA9A0CF40955ECD2864
RM,2021-01-20 10:24:21.347625728,15620,25,8E5FE76BFE50BB8B170EFB0403897175,96C865F75285AEA9A0CF40955ECD2864
RM,2021-01-20 10:24:21.347641088,15610,150,A76C5F46C1B8887AF5D2D5E7E368064B,96C865F75285AEA9A0CF40955ECD2864
RM,2021-01-20 10:24:21.347656192,15610,25,B715F11CF4C1AF28B90BCE4D54E3BA3D,96C865F75285AEA9A0CF40955ECD2864
RM,2021-01-20 10:24:21.347671552,15610,100,4523EA5CC3CB443F5FD077435C5152E8,96C865F75285AEA9A0CF40955ECD2864
RM,2021-01-20 10:24:21.347686656,15605,5,D24DADEC783AFBFE3F74EC4ACC679785,96C865F75285AEA9A0CF40955ECD2864
RM,2021-01-20 10:24:21.347702016,15605,5,3AF9867D9642675AAE148D0A44D8A2E1,96C865F75285AEA9A0CF40955ECD2864
RM,2021-01-20 10:24:21.347717376,15605,168,A66EE6E95413C103DF7C072F0177A9B1,96C865F75285AEA9A0CF40955ECD2864
RM,2021-01-20 10:28:35.214019840,15655,1,D8F018CC2D664943F931F1F88DF42218,4C846F9EAD05773146B69BCC17CD114F
RM,2021-01-20 10:28:35.214034944,15660,9,D8F018CC2D664943F931F1F88DF42218,CEC2678B2F95EA6F33DFE07D878E695E
RM,2021-01-20 10:29:41.410171392,15635,9,9FBD2DAD9ABAF150CFA28F5B4AE0A81E,A23BF50ECEF6C3D03328E84E223388AD
RM,2021-01-20 10:32:14.854949888,15650,150,2DA1235648506EE17A04737D10E2FAF3,85C34BE5183A296DF4CC204ABECB8409
RM,2021-01-20 10:32:14.855041536,15650,106,2DA1235648506EE17A04737D10E2FAF3,48E62E5950EC4713C3D45EB27E7DED51
RM,2021-01-20 10:32:14.855087360,15650,244,2DA1235648506EE17A04737D10E2FAF3,5CCDAD05033674818C1767A8AE7169E6
RM,2021-01-20 10:34:05.954772992,15605,1,D4A6942015DDD0DD4590E5D03511CAF3,830E8FBE7737E3D197DF12A01877152B
RM,2021-01-20 10:34:05.954788096,15600,2,1C8D41D96FAFB7E113095D5492926583,830E8FBE7737E3D197DF12A01877152B
RM,2021-01-20 10:34:05.954803456,15600,35,FD635A140C04B2792D9363AF9E6654D1,830E8FBE7737E3D197DF12A01877152B
RM,2021-01-20 10:34:05.954818816,15600,2,0A84C0A09B8FD1241F3E93B0488DFE05,830E8FBE7737E3D197DF12A01877152B
RM,2021-01-20 10:34:05.954833920,15600,10,4EAD60D00F43B5A67CBD9991C51DAC44,830E8FBE7737E3D197DF12A01877152B
RM,2021-01-20 10:34:05.954849280,15600,5,488F6D1E56ABF75DD8A564EE6351E75B,830E8FBE7737E3D197DF12A01877152B
RM,2021-01-20 10:34:05.954864384,15600,5,AA684475CAE7126D266EBE6A1826C57D,830E8FBE7737E3D197DF12A01877152B
RM,2021-01-20 10:34:05.954879744,15580,16,A479CA3C4FF65A7880420DDE1BC16AD3,830E8FBE7737E3D197DF12A01877152B
RM,2021-01-20 10:34:05.954895104,15580,79,5653577703FFB1CA384B33B92C6D6B6E,830E8FBE7737E3D197DF12A01877152B
RM,2021-01-20 10:34:05.954910208,15580,24,865BF394E62E79A69E0313700BBACEEB,830E8FBE7737E3D197DF12A01877152B
RM,2021-01-20 10:34:05.954925568,15580,144,A479CA3C4FF65A7880420DDE1BC16AD3,830E8FBE7737E3D197DF12A01877152B
RM,2021-01-20 10:34:05.954940672,15575,171,D90B501B76AD829912830946EB7F9CFE,830E8FBE7737E3D197DF12A01877152B
RM,2021-01-20 10:34:05.954956032,15560,79,A319E434FD0698CBC5F6760184904120,830E8FBE7737E3D197DF12A01877152B
RM,2021-01-20 10:34:05.954971392,15550,100,750CB4F6AB084269D7EDD299C73F01C6,830E8FBE7737E3D197DF12A01877152B
RM,2021-01-20 10:34:05.954986496,15545,147,D31AD25D436296ED3A26E2405A4040DB,830E8FBE7737E3D197DF12A01877152B
RM,2021-01-20 10:34:05.955001856,15545,100,2D745A6E49835A0875DA2A959FEAE49D,830E8FBE7737E3D197DF12A01877152B
RM,2021-01-20 10:34:05.955017216,15545,169,B8EE0E361B39D1D5760CE7D361A430B4,830E8FBE7737E3D197DF12A01877152B
RM,2021-01-20 10:34:05.955032320,15540,79,9DB2C25891CC969E240C279BF645D86B,830E8FBE7737E3D197DF12A01877152B
RM,2021-01-20 10:34:05.955047680,15520,40,B40CDFEDA9466415EBABB015975DADB3,830E8FBE7737E3D197DF12A01877152B
RM,2021-01-20 10:34:05.955200256,15585,1,AFE5AAAA4B9B3BFF12BE3CC678A31585,19EC6B000476C6965B76341A1B7CA240
RM,2021-01-20 10:34:08.007461632,15600,1,8696DB8A588E33E478458251542C9214,54A348504B7C052D54473A4734EB4CA6
RM,2021-01-20 10:34:08.007476736,15605,14,8696DB8A588E33E478458251542C9214,CEC2678B2F95EA6F33DFE07D878E695E
RM,2021-01-20 10:34:08.007660032,15600,1,31FE60C7FA19FB3FCDF183D87E79A940,08816C1D532939AFE1907DB807CBB3C2
RM,2021-01-20 10:34:08.008468736,15605,1,D03E57280E756659A49993762FB326C5,CEC2678B2F95EA6F33DFE07D878E695E
RM,2021-01-20 10:34:13.472930816,15615,9,365A1C52A5965C2710AB1A0A1719AD00,14C833FEEAF261DCF66BC4916575219E
RM,2021-01-20 10:37:07.454681344,15600,60,BCAD3F40B2C53FB22659BA739F1B9AD8,16EADBF38448D9B8F1B17373A2DE494B
RM,2021-01-20 10:38:48.897140480,15595,11,F715E0F99ACCC18CA94923014ACB86AB,F4C46027F7EF092A70F5404F058874D6
RM,2021-01-20 10:39:32.655303936,15600,15,C0BAD262F5E80E250D05C614789A3619,6B1E43D2FD45FDA8EB5C75F2CC9502EC
RM,2021-01-20 10:44:09.233825792,15600,16,8038F396E772BE5AC8B30EB7418369F3,6B1E43D2FD45FDA8EB5C75F2CC9502EC
RM,2021-01-20 10:51:02.101867776,15605,30,CEB6F468180E47E2D5FE7E83667EB239,F4C46027F7EF092A70F5404F058874D6
RM,2021-01-20 10:51:02.102081280,15605,59,B4FE93BB6C2D7CEE6D6C3ABA9C644970,F4C46027F7EF092A70F5404F058874D6
RM,2021-01-20 10:53:03.424377344,15605,1,9545242D22B8431289D0208BD10C2645,4E9C765416647211DBEE8D90F61A668A
RM,2021-01-20 10:53:03.424468992,15595,8,DC89978AF67BDD1F0853709A95E49F53,4E9C765416647211DBEE8D90F61A668A
RM,2021-01-20 10:53:03.424575744,15580,40,70D9FC8C8C22E4EB6584DD974938A20A,4E9C765416647211DBEE8D90F61A668A
RM,2021-01-20 10:53:03.424606208,15580,4,FD4C0A1C3599CCA011E0A936CFEE0E6F,4E9C765416647211DBEE8D90F61A668A
RM,2021-01-20 10:53:07.377426176,15600,1,CF837E4B05BCD6089537483EBB503221,E9583F152AB291C0DA278FC8A0F1D468
RM,2021-01-20 10:53:07.377502464,15600,35,CEDB6CC7FED7A0B8DAA1015B41510241,E9583F152AB291C0DA278FC8A0F1D468
RM,2021-01-20 10:53:09.542144768,15645,1,32DE6F850430AF1A665D80725B2B5170,E83A7CF9FB51EE08EE3023AA36F793B4
RM,2021-01-20 10:53:36.383621120,15645,1,EACE3C3F1E8A6FE3A1B91F28181F94A5,8E72BBC163BC1E8660172474B2D6F8B5
RM,2021-01-20 10:54:05.676605184,15620,25,E9D61564023B17A65A5526B0459365BA,4F599FDBFAB4D3405D79FB260D75A4A0
RM,2021-01-20 10:54:30.562851072,15605,7,D7DC2635A28CF65C05B4E0978614948E,B2639BBF7D82BDFB848D6042ECA1F95B
RM,2021-01-20 10:54:34.227645952,15600,1,B88B792DED5999D3DAD48F8BE05A6716,34B2DC16947733A808D387009ADE6976
RM,2021-01-20 10:54:34.227661056,15600,7,E20DE04AD16824ED6477501CE5948F6C,34B2DC16947733A808D387009ADE6976
RM,2021-01-20 10:54:35.803863552,15620,1,D319CFFDA52FE2A035E4847B0B9689A9,0BF178987FA40AF2BDBB0461D04B7B39
RM,2021-01-20 10:55:33.438934272,15620,4,77AA14889EBAB9D55C687299A346840C,8E72BBC163BC1E8660172474B2D6F8B5
RM,2021-01-20 10:55:33.438949632,15620,60,77AA14889EBAB9D55C687299A346840C,B92797EF3D6FBA0F63EBCE0AAC1D12FE
RM,2021-01-20 10:55:33.438964736,15630,1,77AA14889EBAB9D55C687299A346840C,7BB1A37A02F2866AE128BD9D69C10687
RM,2021-01-20 11:00:52.235336192,15635,1,A8BFD70F27C3AF8AF04759EF9BAA019E,4CF77C8A92A21F9EE7AAA35869EF372F
RM,2021-01-20 11:00:52.235488768,15635,1,58ED70E791C278CFC44EF5D4140FBBA1,4CF77C8A92A21F9EE7AAA35869EF372F
RM,2021-01-20 11:01:22.352768000,15635,15,547D7E9ABD3F5E59E6EB516F787B7FA5,4CF77C8A92A21F9EE7AAA35869EF372F
RM,2021-01-20 11:01:25.562011648,15640,5,EE2D8A717590B0E3E8A8AC8137A2896B,3AC3187BA7B6E6238E4E66AEC5FBCB38
RM,2021-01-20 11:01:25.562820352,15640,5,EE2D8A717590B0E3E8A8AC8137A2896B,F9A11FDB4954847411B2906A6DA82F88
RM,2021-01-20 11:01:25.563583488,15640,5,EE2D8A717590B0E3E8A8AC8137A2896B,057D7FA3A57949CD3EA103CA3C4147AD
RM,2021-01-20 11:01:25.564254720,15640,5,EE2D8A717590B0E3E8A8AC8137A2896B,E34A1CAB05A90DEC324A5F87293467CA
RM,2021-01-20 11:01:25.564834560,15640,5,EE2D8A717590B0E3E8A8AC8137A2896B,54BAFE6889D04D0BA6E503AF93E719C3
RM,2021-01-20 11:01:25.565460224,15640,5,EE2D8A717590B0E3E8A8AC8137A2896B,C7B90072758C968EF6F50599C6CF5E70
RM,2021-01-20 11:01:25.566070528,15640,5,EE2D8A717590B0E3E8A8AC8137A2896B,4127687147225ADD6738ADAB79769E5F
RM,2021-01-20 11:01:25.567581184,15640,5,EE2D8A717590B0E3E8A8AC8137A2896B,173635CEE21BCC158C8B0D9C1B706054
RM,2021-01-20 11:01:25.567733760,15640,10,EE2D8A717590B0E3E8A8AC8137A2896B,2E5FFF13097CF1AE7ECD0F4E3414765D
RM,2021-01-20 11:01:25.568176384,15640,5,EE2D8A717590B0E3E8A8AC8137A2896B,AAB1FC2C5F32C04CD14FE7D21B20B5E4
RM,2021-01-20 11:01:25.568786688,15640,5,EE2D8A717590B0E3E8A8AC8137A2896B,E856B523839BECD1A7FE9B70FA6A763D
RM,2021-01-20 11:01:25.569427456,15640,5,EE2D8A717590B0E3E8A8AC8137A2896B,BD077D22B70B694FAD759E30C6597499
RM,2021-01-20 11:01:25.570037760,15640,5,EE2D8A717590B0E3E8A8AC8137A2896B,801B7D6ACC32557C59432FB05D8F4940
RM,2021-01-20 11:01:25.570129408,15640,130,EE2D8A717590B0E3E8A8AC8137A2896B,2E321BD75A3FBD0DABFD0B9815DA25B1
RM,2021-01-20 11:01:59.879882752,15630,50,629EC3B9A90D8A80EDF17F67E68E7448,C2D8F9FB2FDD2734AE2DB09008C6357E
RM,2021-01-20 11:03:41.111267072,15645,3,4BAE0D6722FE24D3859C46ECFC2EC54D,73A807AB5FDF44AF5E4F2EABE07F51E3
RM,2021-01-20 11:04:31.378265344,15635,165,D80AFD90F1E55C4B7E1E2C5E9A75C069,15F4079FAF6CC4DF5DE34F5FA63BF3B2
RM,2021-01-20 11:05:20.042861824,15630,42,629EC3B9A90D8A80EDF17F67E68E7448,2E3A7241026B24DC1D0956FC73AFFD27
RM,2021-01-20 11:06:05.940017664,15630,75,629EC3B9A90D8A80EDF17F67E68E7448,EF30A81F73B2964667A90EB988E92440
RM,2021-01-20 11:15:44.590499840,15630,10,629EC3B9A90D8A80EDF17F67E68E7448,2D0ABEF1BE88483D049D378BAD1E756F
RM,2021-01-20 11:19:31.109314048,15630,19,629EC3B9A90D8A80EDF17F67E68E7448,C0B8E4F58A52AC701E79E23CA84414A0
RM,2021-01-20 11:23:43.705108736,15670,100,D0843A11A0FBA40ADA69820E35E31966,204DDB9B4A962F6F55CDF31DD2D0554F
RM,2021-01-20 11:23:43.705123840,15675,1,D0843A11A0FBA40ADA69820E35E31966,7913EAEF953E5790AB7741DE13AF5D3F
RM,2021-01-20 11:23:43.705139200,15675,17,D0843A11A0FBA40ADA69820E35E31966,B7098BE547FB84ABF2DE2C64984CA7A2
RM,2021-01-20 11:23:43.705154304,15680,32,D0843A11A0FBA40ADA69820E35E31966,3102F9A215648FDE14551959FA452774
RM,2021-01-20 11:23:43.706222592,15640,2,9B379969CB52D9F2F825D4971D5D53E4,154085ECFB980025D5B95AFB9D898365
RM,2021-01-20 11:23:43.706313984,15640,10,44574247E00EF408916DED679E964DB4,8DC7F97A33B8E93DDD4D5E14CBC66879
RM,2021-01-20 11:23:43.706359808,15640,8,44574247E00EF408916DED679E964DB4,E4DC11D12F18C9AAC1F1FF80D137C1B9
RM,2021-01-20 11:23:43.706390272,15640,8,44574247E00EF408916DED679E964DB4,FC9334E83FD953F6D8793C4C4B978EB7
RM,2021-01-20 11:23:43.706420992,15640,10,44574247E00EF408916DED679E964DB4,0B28BA1040D7D0CC3CE5376813DB9318
RM,2021-01-20 11:24:54.593338112,15640,2,44574247E00EF408916DED679E964DB4,F1782573E41E422140D5324F6835408E
RM,2021-01-20 11:24:54.593353216,15635,18,D80AFD90F1E55C4B7E1E2C5E9A75C069,F1782573E41E422140D5324F6835408E
RM,2021-01-20 11:27:01.031631360,15635,50,D80AFD90F1E55C4B7E1E2C5E9A75C069,B85CACB543867A6CE7B339294FE14E69
RM,2021-01-20 11:27:01.031662080,15635,195,D80AFD90F1E55C4B7E1E2C5E9A75C069,E330F89525CADDB2EA2A26EF950CF67D
RM,2021-01-20 11:27:01.031677184,15635,5,07F15C4052A70B4E8E0A685842E52846,E330F89525CADDB2EA2A26EF950CF67D
RM,2021-01-20 11:27:01.031707648,15635,50,07F15C4052A70B4E8E0A685842E52846,92626C8271DBA7ED852154E2DAA20056
RM,2021-01-20 11:34:28.597686784,15640,151,F61C9FD133547A449A8BA146D175CCF9,3D6B5416F39D7FE9C88CC8D186656CB9
RM,2021-01-20 11:34:28.597702144,15640,15,8D65BB2FD03405C7B6FEF21C3ACF21B1,3D6B5416F39D7FE9C88CC8D186656CB9
RM,2021-01-20 11:34:28.597717248,15640,38,EC10DA6EE749D3AFA4D23660F5ECE261,3D6B5416F39D7FE9C88CC8D186656CB9
RM,2021-01-20 11:34:28.597732608,15640,135,8D65BB2FD03405C7B6FEF21C3ACF21B1,3D6B5416F39D7FE9C88CC8D186656CB9
RM,2021-01-20 11:34:28.597747712,15635,61,07F15C4052A70B4E8E0A685842E52846,3D6B5416F39D7FE9C88CC8D186656CB9
RM,2021-01-20 11:35:15.901870848,15670,2,FBB5D8782577DF89580CA0D6A4719B5E,25396FDC697F75723C2EE4B286FD04D1
RM,2021-01-20 11:35:15.901885952,15675,36,FBB5D8782577DF89580CA0D6A4719B5E,AFAB3E6F6A26FC105337D5093B8AB7AA
RM,2021-01-20 11:35:15.901901312,15680,92,FBB5D8782577DF89580CA0D6A4719B5E,2C1E7005A2FF066914AE814280A39838
RM,2021-01-20 11:35:15.902984704,15645,2,6B3AC02EB1D040B705A8AF26F5A0EAB5,6B54FF098C0E201E8179028EAA3EDE61
RM,2021-01-20 11:35:15.903137280,15640,10,2B528D480C7A5D6AB36B56F2D8C481B8,4C00ECCDAF0734ADA13C2E3393C872A4
RM,2021-01-20 11:35:18.864547840,15675,2,E64B9B0CC0652F713DBCE478B292FB34,2FD77D65C1C95B27904B2B7F15F46151
RM,2021-01-20 11:35:18.864562944,15680,8,E64B9B0CC0652F713DBCE478B292FB34,2C1E7005A2FF066914AE814280A39838
RM,2021-01-20 11:35:18.865646336,15645,2,5BCC04D1C6ACB452385E1F5016B72B27,63D08D2DA2FB3635D45CD342D81EBE32
RM,2021-01-20 11:35:18.865661696,15640,6,2B528D480C7A5D6AB36B56F2D8C481B8,63D08D2DA2FB3635D45CD342D81EBE32
RM,2021-01-20 11:35:18.865753088,15640,2,2B528D480C7A5D6AB36B56F2D8C481B8,A9AEEB18AE34A72C20D4AE42C42B21D6
RM,2021-01-20 11:35:18.865981952,15640,2,2B528D480C7A5D6AB36B56F2D8C481B8,BAF71E69D15C27B6D6C317936917DA9B
RM,2021-01-20 11:35:31.497451776,15640,28,2B528D480C7A5D6AB36B56F2D8C481B8,3822635CF14A1F12D6722B170DD8EF45
RM,2021-01-20 11:35:31.497558528,15635,903,07F15C4052A70B4E8E0A685842E52846,B1F2CB5D943263990642BC6EEFE33420
RM,2021-01-20 11:35:31.497696000,15635,229,07F15C4052A70B4E8E0A685842E52846,AF95404221AE0CD43DA950C0CE34F881
RM,2021-01-20 11:37:34.164733952,15640,10,2CA242ACF40A8A7AB8BA87B02075BE7D,3822635CF14A1F12D6722B170DD8EF45
RM,2021-01-20 11:39:02.352813824,15640,169,C77A56CFEDC4BDFD39E0C35CA2E76EFF,3822635CF14A1F12D6722B170DD8EF45
RM,2021-01-20 11:39:02.352859392,15640,429,8A7B531F84CAFCA24D87A8E4E3623CA8,3822635CF14A1F12D6722B170DD8EF45
RM,2021-01-20 11:39:02.352935680,15640,202,34C5808FB92A9591D1B45D3F72D0FFB5,3822635CF14A1F12D6722B170DD8EF45
RM,2021-01-20 11:39:02.352966400,15640,162,48543B9BEE5F9130C4D91861B89172FE,3822635CF14A1F12D6722B170DD8EF45
RM,2021-01-20 11:39:02.352981504,15640,7,48543B9BEE5F9130C4D91861B89172FE,30C9782F65F7371B7696EBDBCE92B941
RM,2021-01-20 11:39:24.948455936,15680,25,5997DC205DC46B11240B121FAF4200D6,838EFCFB44FB1D4C10D6094ACA219A8D
RM,2021-01-20 11:40:19.035003648,15680,25,07F15C4052A70B4E8E0A685842E52846,838EFCFB44FB1D4C10D6094ACA219A8D
RM,2021-01-20 11:40:19.035110400,15680,727,07F15C4052A70B4E8E0A685842E52846,381AB738F845E1D0F637F8BCF1A64F49
RM,2021-01-20 11:40:26.718673664,15650,50,5F01FA785EAD1CD4FBDC82FAC618249D,DA8E4BDC6C91A230F9E02C4B2FA5E421
RM,2021-01-20 11:40:26.718689024,15630,15,629EC3B9A90D8A80EDF17F67E68E7448,DA8E4BDC6C91A230F9E02C4B2FA5E421
RM,2021-01-20 11:40:39.061874432,15670,50,F10A65E21C65C89A93EAED7127ADD1BB,F408D27A45C20532340ABD897183E1B0
RM,2021-01-20 11:40:39.061889536,15680,2,F10A65E21C65C89A93EAED7127ADD1BB,A4985659BCCD46F8D95D82471F681EFB
RM,2021-01-20 11:40:39.061904896,15685,23,F10A65E21C65C89A93EAED7127ADD1BB,63261D507FE677EF4DDD9377B4DAE2EE
RM,2021-01-20 11:40:50.070556672,15680,1,FE473BDA6AEFE230D3E5D79424C57E30,4F5AF99A793221272F8077C6383A9843
RM,2021-01-20 11:41:31.627151616,15640,4,43143C697572E6EA925398330AF2683A,5CE28E99B08F2925F2AF89D489EE7E04
RM,2021-01-20 11:41:31.627166720,15640,26,3DCB2953365E5F70DD4F7BF39FC9D3F7,5CE28E99B08F2925F2AF89D489EE7E04
RM,2021-01-20 11:46:41.498901248,15680,4,EFDCD4BC804CB54005BA8782E498C38F,4F5AF99A793221272F8077C6383A9843
RM,2021-01-20 11:46:41.498916608,15685,71,EFDCD4BC804CB54005BA8782E498C38F,63261D507FE677EF4DDD9377B4DAE2EE
RM,2021-01-20 11:46:58.091537408,15645,4,3FB7BD867182C32AF97D4829B060C51E,12BD90B61BFEDA7F18C79FC3D312A9F5
RM,2021-01-20 11:46:58.091552768,15645,41,9230853BFAB0837C6909F5B7D2521AB7,12BD90B61BFEDA7F18C79FC3D312A9F5
RM,2021-01-20 11:46:58.091567872,15640,20,5AE0409DB151B49DCF746941F5A0E0FD,12BD90B61BFEDA7F18C79FC3D312A9F5
RM,2021-01-20 11:51:13.796005376,15655,1,8C2803EEE7D8B52064BFE9AC9B6F6517,3546F15AD25E92C896DF80E96B72C09E
RM,2021-01-20 11:51:13.796020480,15650,19,887CF5D9A82846EB749B6AE572D413F8,3546F15AD25E92C896DF80E96B72C09E
RM,2021-01-20 11:52:39.659133952,15680,4,D6222851D18AEE3FAF87A93EBE49E294,31E311577C4822AEF63CA7E773C3A908
RM,2021-01-20 11:52:39.659271168,15680,4,75D49EA04015B22CDE5B5BFCE54EDF32,11419CA7B4EF1E2ECA8B7AE1BFD6115C
RM,2021-01-20 11:52:39.659607040,15690,4,ED263D23C8D31EC941DD5AAA96EED950,849DC2BB5B0DE715C875DD46C95E435D
RM,2021-01-20 11:52:39.659637504,15690,4,5DFC0545EB1A7DC41440960D0C08D266,849DC2BB5B0DE715C875DD46C95E435D
RM,2021-01-20 11:52:39.659652608,15695,10,5DFC0545EB1A7DC41440960D0C08D266,961C050EF84DDD93B606BBDED5AD703C
RM,2021-01-20 11:52:39.659667968,15695,73,5DFC0545EB1A7DC41440960D0C08D266,7EB47C3844BD750C0ABF86915AB0B296
RM,2021-01-20 11:52:39.659698432,15695,4,3CC3F71E5F0EB7668663539FD23478C1,7EB47C3844BD750C0ABF86915AB0B296
RM,2021-01-20 11:59:46.907379200,15695,150,A4638AAA5472C9E573F9D624FA39A24D,0AB843D8528C4F70445931AD39A5AF7A
RM,2021-01-20 11:59:46.907394304,15700,350,A4638AAA5472C9E573F9D624FA39A24D,961EBAFB072C1264221D0AE7124C21CF
RM,2021-01-20 12:01:17.828140288,15700,500,95E26E14737D6F61608556C3D691027C,961EBAFB072C1264221D0AE7124C21CF
RM,2021-01-20 12:06:15.713790976,15705,45,2295411EA50778698A44C20B6B447176,D5F4FF8AD3980AC523C093E9C17FD414
RM,2021-01-20 12:08:56.004959232,15705,40,41F363A157B622FF02AE8A3EF6F70CE4,593E562623CF7F5A27CA52B98F10AFB8
RM,2021-01-20 12:24:07.130676224,15700,1000,5BC46DDF7A050DE9E7AB56858F837C6E,961EBAFB072C1264221D0AE7124C21CF
RM,2021-01-20 12:24:07.130691584,15700,8,D2210915A391C45823A28FA7A6E8CF2D,961EBAFB072C1264221D0AE7124C21CF
RM,2021-01-20 12:24:07.130798336,15695,8,98A4B00061ED283D40CC4743F1F4F3D7,6A6705C3693940CDFAFF66E2619F56E4
RM,2021-01-20 12:39:37.336410624,15685,8,A591568E76DD1328D08FBFC2BD0129F5,D500F573C38C378980A317DFAA95B768
RM,2021-01-20 12:39:37.336425728,15690,100,A591568E76DD1328D08FBFC2BD0129F5,4BFC17CA8095DE5425346E27CF2CBD85
RM,2021-01-20 12:39:37.336441088,15695,100,A591568E76DD1328D08FBFC2BD0129F5,EEA622FF7E19FFFF76F47C25A1F832D2
RM,2021-01-20 12:39:37.336456192,15700,133,A591568E76DD1328D08FBFC2BD0129F5,961EBAFB072C1264221D0AE7124C21CF
RM,2021-01-20 12:39:37.336471552,15700,100,A591568E76DD1328D08FBFC2BD0129F5,C3ED981421BCB8B3BB6F62569C161347
RM,2021-01-20 12:39:37.336486912,15700,262,A591568E76DD1328D08FBFC2BD0129F5,961EBAFB072C1264221D0AE7124C21CF
RM,2021-01-20 12:39:37.336502016,15705,16,A591568E76DD1328D08FBFC2BD0129F5,16703308312D33352230F5A6AD497FCE
RM,2021-01-20 12:39:37.336517376,15705,100,A591568E76DD1328D08FBFC2BD0129F5,FAF44764060FB54E1D8BECDAAFA63494
RM,2021-01-20 12:39:37.336532480,15705,144,A591568E76DD1328D08FBFC2BD0129F5,16703308312D33352230F5A6AD497FCE
RM,2021-01-20 12:39:37.336547840,15710,37,A591568E76DD1328D08FBFC2BD0129F5,609289E38D7B39608671B7D8314E514C
RM,2021-01-20 12:43:52.586578432,15710,20,D99B41046B5465FC94C3D9DB2C372630,3A2A40CD9A24F92B42A62D9CDE4017DA
RM,2021-01-20 12:45:59.873153792,15680,25,0D3A24973051F67099610DECDCEC11B1,DA2E71A695F41491F5B56CD32A691887
RM,2021-01-20 12:54:19.198669312,15710,10,25B122EB17F2DFBEE94BD16AD26CDF20,9123762AF515B0AF70752FECA81B0F60
RM,2021-01-20 12:54:19.198684672,15715,14,25B122EB17F2DFBEE94BD16AD26CDF20,D81F2E78AE941A4A3678C26FAA84B328
RM,2021-01-20 12:54:19.198700032,15720,100,25B122EB17F2DFBEE94BD16AD26CDF20,56F983671F6D7F01E2181814266EEC46
RM,2021-01-20 12:54:19.198715136,15720,67,25B122EB17F2DFBEE94BD16AD26CDF20,BD94C2BB1B232679812E86149245D222
RM,2021-01-20 12:54:19.721771264,15700,20,F745C1DE8B7E906AB428F1042F180AE8,D4E3A0EB4F44304A1CA04B26AFF63E02
RM,2021-01-20 13:04:37.246887168,15700,100,BD2716702AEC33D4275A473D3668158C,338AC534C66EE0EA7BA1F91EC7428504
RM,2021-01-20 13:06:08.003509504,15720,50,DA8FC42A4FB73671DFFADE6C1C9B312C,BD94C2BB1B232679812E86149245D222
RM,2021-01-20 13:06:08.003539968,15720,123,FBF6AE1F7F429B6458FEBD4A33B4B01C,BD94C2BB1B232679812E86149245D222
RM,2021-01-20 13:06:08.003570432,15720,23,08CEE305EF154CB346A10A1E5461FF8F,BD94C2BB1B232679812E86149245D222
RM,2021-01-20 13:06:08.003677440,15720,27,08CEE305EF154CB346A10A1E5461FF8F,2281213A02FB35F3B722A7651E411FCC
RM,2021-01-20 13:06:08.003997696,15725,196,F55E86B9F83AB7CAC0D5511525A1BCAA,BCBAD1018255E2C38E03BAC4FD6AAD0A
RM,2021-01-20 13:06:08.004043520,15725,196,A689509058FA74C54A3668162156B484,BCBAD1018255E2C38E03BAC4FD6AAD0A
RM,2021-01-20 13:06:08.004073984,15725,100,C773D8336EFF5DFEB3206D850EFA2F38,BCBAD1018255E2C38E03BAC4FD6AAD0A
RM,2021-01-20 13:06:08.004745472,15725,100,F4FE6E5EE0726037C171EEA13ADC5EC7,BCBAD1018255E2C38E03BAC4FD6AAD0A
RM,2021-01-20 13:06:08.005630464,15725,85,A81F0F9D862E350703B135C1A1E9FB82,BCBAD1018255E2C38E03BAC4FD6AAD0A
RM,2021-01-20 13:12:04.688598528,15725,15,0C041A6215ACDF431B1BA035648AF3B6,BCBAD1018255E2C38E03BAC4FD6AAD0A
RM,2021-01-20 13:12:35.447006208,15705,270,0D3A24973051F67099610DECDCEC11B1,0EB2E39ACFDE2E5ABD6C53D8EF80F53C
RM,2021-01-20 13:12:35.447021568,15705,8,C96AB8B88F4A443C0FF7406AC360DF77,0EB2E39ACFDE2E5ABD6C53D8EF80F53C
RM,2021-01-20 13:12:35.447036672,15700,50,EAB6B38492E4AFA4E7593153409F434C,0EB2E39ACFDE2E5ABD6C53D8EF80F53C
RM,2021-01-20 13:12:35.447052032,15700,50,0FCED91EC14DC42863B2429D585D64AE,0EB2E39ACFDE2E5ABD6C53D8EF80F53C
RM,2021-01-20 13:12:35.447067136,15700,8,D8E84D464714DD9F173FD7EC67C6C04B,0EB2E39ACFDE2E5ABD6C53D8EF80F53C
RM,2021-01-20 13:12:35.447082496,15685,50,9C47F10942869E07144AAE8927F145F1,0EB2E39ACFDE2E5ABD6C53D8EF80F53C
RM,2021-01-20 13:12:35.447097856,15680,126,9D29A0729F5A7FFD46A7FF392E5077E3,0EB2E39ACFDE2E5ABD6C53D8EF80F53C
RM,2021-01-20 13:15:45.256790272,15705,4,B5DF5DD8B1E8C5318B37CB77A47D9360,134D8DEA28103E27F8DAE0615F08B30B
RM,2021-01-20 13:15:45.256805376,15710,26,B5DF5DD8B1E8C5318B37CB77A47D9360,D4FC908FAE3219FD14F0F0382CA001A5
RM,2021-01-20 13:15:45.256820736,15710,20,B5DF5DD8B1E8C5318B37CB77A47D9360,8BA1B0C3D99448FCA5E978B038A81505
RM,2021-01-20 13:23:07.596557568,15715,15,8B160EDBE406BC5BB9D49E38AF7998A5,94EA60FCDAB8679DEA8DA3696F2CFF34
RM,2021-01-20 13:23:47.012985344,15670,26,5AFB57958FFD2301CD9359175520CA6A,6B485E4EAA70F57781BFCCA55B7FF631
RM,2021-01-20 13:23:47.013000448,15655,4,69137CBFE3B1BF76F5F1D644B163C749,6B485E4EAA70F57781BFCCA55B7FF631
RM,2021-01-20 13:23:47.013015808,15650,31,887CF5D9A82846EB749B6AE572D413F8,6B485E4EAA70F57781BFCCA55B7FF631
RM,2021-01-20 13:23:47.013030912,15650,25,43B23F4F9ADF3CDBB8105B62C3064624,6B485E4EAA70F57781BFCCA55B7FF631
RM,2021-01-20 13:23:47.013046272,15650,160,9D29A0729F5A7FFD46A7FF392E5077E3,6B485E4EAA70F57781BFCCA55B7FF631
RM,2021-01-20 13:23:47.013061632,15640,99,347D0A1780DA1EC2C71B8E50D0EFC5DB,6B485E4EAA70F57781BFCCA55B7FF631
RM,2021-01-20 13:23:47.013076736,15640,100,AF9A47328EB36E6617893B3912FFE247,6B485E4EAA70F57781BFCCA55B7FF631
RM,2021-01-20 13:23:47.013092096,15635,100,50711D7A598A50198BFF0313E5A133AD,6B485E4EAA70F57781BFCCA55B7FF631
RM,2021-01-20 13:23:47.013107200,15635,169,5A76AD645F5C7680CD7DA0003EF6E32E,6B485E4EAA70F57781BFCCA55B7FF631
RM,2021-01-20 13:23:47.013122560,15630,286,629EC3B9A90D8A80EDF17F67E68E7448,6B485E4EAA70F57781BFCCA55B7FF631
RM,2021-01-20 13:32:13.093750016,15645,4,650CA833A2055733E59081B6A0378E37,851F92AFA151EB124031E81A7B680724
RM,2021-01-20 13:32:13.093765376,15645,10,F084A733732FD2763CDFB66B5D22E114,851F92AFA151EB124031E81A7B680724
RM,2021-01-20 13:32:13.093780480,15640,100,026387584C957DF44BB4C79CC61EBDFB,851F92AFA151EB124031E81A7B680724
RM,2021-01-20 13:32:13.093795840,15630,3,629EC3B9A90D8A80EDF17F67E68E7448,851F92AFA151EB124031E81A7B680724
RM,2021-01-20 13:32:13.093810944,15630,83,C423FC739D24FD8FAD24529C25F5B106,851F92AFA151EB124031E81A7B680724
RM,2021-01-20 13:49:32.750625536,15630,2,C423FC739D24FD8FAD24529C25F5B106,1CF359BA152482BCA311CCAFFD470578
RM,2021-01-20 13:49:50.523681536,15670,4,E396FB7147EA3F00537ECD3BA82DDDF6,C5E89996D8D30E0EDC63F49EC1FCAB6B
RM,2021-01-20 13:49:50.523696896,15675,96,E396FB7147EA3F00537ECD3BA82DDDF6,344D55DD2769F5A8094525BA649C7B4B
RM,2021-01-20 13:50:46.152374272,15670,4,01EF56B2BA2E652CA93195575E33E75A,8FBBDEB99D85D0916450591ED6770056
RM,2021-01-20 13:50:46.152389632,15675,31,01EF56B2BA2E652CA93195575E33E75A,68A4ACF1E0D3EBDAA2FDB53103EC90AA
RM,2021-01-20 13:55:15.819396864,15680,10,44FD2C90E4DD8EEE90DA23AE5178B97D,C41982F61D1A4CD6ACF329829504F763
RM,2021-01-20 13:57:23.517105152,15645,31,37DE4B4E72451D0713E395DEFF7FC176,3FC8156D5FF374EAB36942029B080634
RM,2021-01-20 14:04:49.658065920,15645,1,136E33E2FBE1987DFBDB6F0BBB18B851,3FC8156D5FF374EAB36942029B080634
RM,2021-01-20 14:05:00.466201856,15630,25,C423FC739D24FD8FAD24529C25F5B106,D3DB6DEDBE02187DE3E6A1CA50E2E451
RM,2021-01-20 14:09:25.421600256,15645,1,1A9612064747A8640606CF23E4632BDB,3FC8156D5FF374EAB36942029B080634
RM,2021-01-20 14:10:06.381423872,15645,5,CCE5F47A7E283E1B0FF94B306944DE60,3FC8156D5FF374EAB36942029B080634
RM,2021-01-20 14:14:17.195114240,15635,12,C51296B3E95C055977BFA71941E979EF,CFF868AD48DB9AFC911AEAA955C39662
RM,2021-01-20 14:15:58.377670400,15645,40,869110F915159F0CE990E64FC6E5A744,3FC8156D5FF374EAB36942029B080634
RM,2021-01-20 14:17:33.485397248,15645,300,8B85F0AE7691D291D50848EB19C179E9,3FC8156D5FF374EAB36942029B080634
RM,2021-01-20 14:23:00.278488064,15645,10,1E25A5E988BFB5715893B4DD89950B13,3FC8156D5FF374EAB36942029B080634
RM,2021-01-20 14:27:17.790374656,15645,108,FBBD7BEAB84FE85105AE37BC3BE0A7FF,3FC8156D5FF374EAB36942029B080634
RM,2021-01-20 14:27:17.790481664,15645,384,2308A8CC8B6BFBFF6D1156504F63B736,3FC8156D5FF374EAB36942029B080634
RM,2021-01-20 14:28:48.308502272,15645,101,0D8F2D374B0E644CDCE7F7F7D716CCBE,3FC8156D5FF374EAB36942029B080634
RM,2021-01-20 14:33:59.892745984,15640,2,69E5FAE36FAE4DB0A9C31608EDF54AC8,1070E22CE9E2AF9326BE7C9FA9368BF4
RM,2021-01-20 14:36:02.893798912,15640,18,69E5FAE36FAE4DB0A9C31608EDF54AC8,3260A5D8473EFB9C773FC389EAC34D38
RM,2021-01-20 14:38:51.750244096,15640,5,994A6F9D98E8887BFFF26A9A80C7B76C,3260A5D8473EFB9C773FC389EAC34D38
RM,2021-01-20 14:40:14.865661696,15640,2,36C9A6EDDCD5881A1D8E54359D83BAA6,3260A5D8473EFB9C773FC389EAC34D38
RM,2021-01-20 14:40:14.865753088,15645,19,E97C91F3F53CD8023B8DFDD267C41B16,3FC8156D5FF374EAB36942029B080634
RM,2021-01-20 14:40:14.865768448,15645,100,E97C91F3F53CD8023B8DFDD267C41B16,8E7A1B8D84C5E5C7F2BE688C7B6B5F61
RM,2021-01-20 14:41:40.471130368,15680,2990,36C9A6EDDCD5881A1D8E54359D83BAA6,C41982F61D1A4CD6ACF329829504F763
RM,2021-01-20 14:41:40.471145728,15685,8,36C9A6EDDCD5881A1D8E54359D83BAA6,D06EF6E83C74F2D9C17FF105FB540B6A
RM,2021-01-20 14:41:48.886962944,15680,10,AD1E19C826666AE10FAF707B76ECE059,CB8AFD4C7A8C6D0C0F5979D07B943D96
RM,2021-01-20 14:41:48.886978048,15680,20,AD1E19C826666AE10FAF707B76ECE059,8BA1B0C3D99448FCA5E978B038A81505
RM,2021-01-20 14:47:14.984024064,15695,100,D59312E59F594B33478824BD41AE9652,EA9DB3E5A575CCFB00C50725B84ACA67
RM,2021-01-20 14:48:07.686401280,15680,7,0C9E81A6AE2AA85FC4F663CAADDFEFC8,67B59BFA2DB7CD7F911B4EBA2D4E7AA3
RM,2021-01-20 14:50:01.011062528,15695,42,A275B9A19EC5A1F6301FCC5331F6E624,E8BFA3830D6E4CF414AE5A4DB3F7B706
RM,2021-01-20 14:50:01.011077888,15695,10,A275B9A19EC5A1F6301FCC5331F6E624,2D39B018A5162F5BFDC7639B8E7EF7F2
RM,2021-01-20 14:50:01.011093248,15700,8,A275B9A19EC5A1F6301FCC5331F6E624,DA393650D1977B062F04B72BC44D2464
RM,2021-01-20 14:53:19.414138880,15680,50,0C9E81A6AE2AA85FC4F663CAADDFEFC8,AA2977E89FDEEB9A9AC4706C0CE9BAB6
RM,2021-01-20 14:53:19.702056960,15680,8,0C9E81A6AE2AA85FC4F663CAADDFEFC8,C046964E531A599534C2C86B79CF020B
RM,2021-01-20 14:53:19.702148352,15680,25,0C9E81A6AE2AA85FC4F663CAADDFEFC8,A2D39B8BC2DD2EBFFBB14DCF76A840A7
RM,2021-01-20 14:53:19.702255360,15680,10,0C9E81A6AE2AA85FC4F663CAADDFEFC8,3B8FB86E55B131C139BB23B1D8C17262
RM,2021-01-20 14:53:19.702560512,15645,10,AFCDC0562ACCC5790F7B244C1FB7FADE,B8147698FF9A17E29E296D01A7826AED
RM,2021-01-20 14:53:19.702621440,15650,4,A64D25484678B217A3E09952F5A4FB7C,15E4A1E376479F45A654920135ADB137
RM,2021-01-20 14:53:19.702636800,15645,4,AFCDC0562ACCC5790F7B244C1FB7FADE,15E4A1E376479F45A654920135ADB137
RM,2021-01-20 14:53:19.702896128,15645,2,9FD76049998AFA438C27CE5F7CF7426C,536D38708C13A7656640ECCB9D2FDD01
RM,2021-01-20 14:54:01.723556608,15645,2,9FD76049998AFA438C27CE5F7CF7426C,EF32FBFB429B12A3B0A9733C08D5EFCD
RM,2021-01-20 14:54:01.723571712,15645,10,D8762CF15D0304F82EB26A89525C47DF,EF32FBFB429B12A3B0A9733C08D5EFCD
RM,2021-01-20 14:54:01.723587072,15640,250,D136B7A9D781607F230DF14288611EAF,EF32FBFB429B12A3B0A9733C08D5EFCD
RM,2021-01-20 14:54:01.723602176,15635,8,C51296B3E95C055977BFA71941E979EF,EF32FBFB429B12A3B0A9733C08D5EFCD
RM,2021-01-20 14:54:01.723617536,15635,23,B30F098F3EAA49CCC543608AEBB1A6A1,EF32FBFB429B12A3B0A9733C08D5EFCD
RM,2021-01-20 14:54:01.723632896,15630,90,C423FC739D24FD8FAD24529C25F5B106,EF32FBFB429B12A3B0A9733C08D5EFCD
RM,2021-01-20 14:54:01.723648000,15630,1,0D44971BAF09F399B90EDDA2E03AB7A1,EF32FBFB429B12A3B0A9733C08D5EFCD
RM,2021-01-20 14:54:01.723663360,15630,45,CFD0754B0C712D2C5736D51DB3CC7374,EF32FBFB429B12A3B0A9733C08D5EFCD
RM,2021-01-20 14:54:01.723678464,15625,10,9243E514F0B5857983E592FF66CFF183,EF32FBFB429B12A3B0A9733C08D5EFCD
RM,2021-01-20 14:54:01.723693824,15625,160,3EFA65857C4FBD5E011EC4150D15C07C,EF32FBFB429B12A3B0A9733C08D5EFCD
RM,2021-01-20 14:54:01.723709184,15610,300,6B62FE356E41993F492C7B059ABC8617,EF32FBFB429B12A3B0A9733C08D5EFCD
RM,2021-01-20 14:54:01.723724288,15605,10,F21DBB59AC74E633B3DA279B0042F219,EF32FBFB429B12A3B0A9733C08D5EFCD
RM,2021-01-20 14:54:01.723739648,15605,263,E97C91F3F53CD8023B8DFDD267C41B16,EF32FBFB429B12A3B0A9733C08D5EFCD
RM,2021-01-20 14:54:01.723755008,15600,58,6B3138484F6C5A230919B3A26B6620A5,EF32FBFB429B12A3B0A9733C08D5EFCD
RM,2021-01-20 14:56:40.794769408,15610,41,4B5F49E4061293FA8CBC5BF9D389079D,E98CDFCF8015C806F2EB49C2142123D6
RM,2021-01-20 14:56:40.794784512,15600,42,6B3138484F6C5A230919B3A26B6620A5,E98CDFCF8015C806F2EB49C2142123D6
RM,2021-01-20 14:56:40.794799872,15600,77,52E61A4EC0B3BAAD22BC5BB857E25674,E98CDFCF8015C806F2EB49C2142123D6
RM,2021-01-20 14:57:29.484039424,15600,9,52E61A4EC0B3BAAD22BC5BB857E25674,E47B3231E746FBA4D5E0621A609A7548
RM,2021-01-20 14:59:08.734374912,15605,10,5DFB8B41DC74252345DBBBA5698B3714,E2AC0B36E27CFC91F3FE0D5C40503E1A
RM,2021-01-20 15:01:57.271026688,15650,4,6E8CEBA33894F862DD62EBD856EF144B,784E8997D8D9FA0E3431C48676311B4E
RM,2021-01-20 15:01:57.271041792,15650,10,6E8CEBA33894F862DD62EBD856EF144B,B4BFF9EA90FC137D6BBFEA106BE1847F
RM,2021-01-20 15:01:57.271133440,15650,16,6E8CEBA33894F862DD62EBD856EF144B,32C29AEFBAB5234CA7C330FD267C9F0B
RM,2021-01-20 15:06:12.583267328,15650,150,C4151E7F5D1FE52C938913759A5B0557,407A87AADA4F18580C8229C51822F034
RM,2021-01-20 15:06:12.583282432,15660,4,C4151E7F5D1FE52C938913759A5B0557,5AA88E746B4B3C1331BBE28CFB6AC807
RM,2021-01-20 15:06:12.583297792,15665,46,C4151E7F5D1FE52C938913759A5B0557,577AAC2CA3A311E8004D7E7772E9F916
RM,2021-01-20 15:07:47.934387200,15665,4,26553BB6A8A75584E16B139DEE6693A2,577AAC2CA3A311E8004D7E7772E9F916
RM,2021-01-20 15:07:47.934402560,15665,36,26553BB6A8A75584E16B139DEE6693A2,716CF08673D6255508856EB42498849F
RM,2021-01-20 15:08:45.302795520,15665,14,44959634957D70C5B897A03774014585,716CF08673D6255508856EB42498849F
RM,2021-01-20 15:08:45.302810624,15665,5,44959634957D70C5B897A03774014585,C58574FB6FE420CBBFE99A9D8274688E
RM,2021-01-20 15:08:45.302825984,15680,31,44959634957D70C5B897A03774014585,8BA1B0C3D99448FCA5E978B038A81505
RM,2021-01-20 15:10:56.675491328,15665,15,1F05955046353D12DA3C246154B2CF23,56976CB4680C72D67D854F5045AA5A65
RM,2021-01-20 15:11:11.675430400,15620,4,2C5FD0AE144699DE27AF11C0BF2FD2D7,7E63E5E14ECE52A768F4BDC2B8E208AE
RM,2021-01-20 15:11:16.675415040,15620,8,A1B16F503F6B79CD8F0CB76B394FA1A7,3A14AB1BF3A71B06340F85CE1D0C01D6
RM,2021-01-20 15:11:21.675445504,15615,150,B6FD5A8765B18B93E00CC30A0A9100F3,B35651E3D479F84650F654BCF552105C
RM,2021-01-20 15:13:31.675567616,15610,165,4FB022F699F6871928C55E28FF5533C1,22A20A3D4612298AC95F218F7B4B4588
RM,2021-01-20 15:15:56.675460864,15610,98,4FB022F699F6871928C55E28FF5533C1,81FF7FBC71BA83AC6399AECD0E2B764E
RM,2021-01-20 15:17:06.675674368,15610,165,870DD9E9A90A04C7F59A6C76EDFAEE9C,A8757AFC295F929E85A619FEC09CBD0A
RM,2021-01-20 15:17:11.675430400,15610,22,870DD9E9A90A04C7F59A6C76EDFAEE9C,5BD8BF6B1875D6E2DCC369D866E69CE3
RM,2021-01-20 15:19:37.700317440,15665,8,4333C01B357B5BE2A5F02A9679D77E30,9D99FE7B6AA24F80AA72EE54E1CBC094
RM,2021-01-20 15:19:37.700332544,15665,5,4333C01B357B5BE2A5F02A9679D77E30,3659460133B9B6B695EB8C63D6207726
RM,2021-01-20 15:19:37.700500480,15660,89,D1232229414E334F87D7B8AFCFA5D9D4,538212878A520E38C9BAE2D9FF2A3DCA
RM,2021-01-20 15:20:08.307769856,15660,73,01750D2465A97816FCAB345B534BCD9B,4DFB9B606F96A93E0D446E43E0CF72B3
RM,2021-01-20 15:20:08.307784960,15660,196,91FB4250E055397733DB56E6F13B2910,4DFB9B606F96A93E0D446E43E0CF72B3
RM,2021-01-20 15:20:08.308486912,15660,8,7F250F8F371AF2091DA3D7E09A64F0DA,9778AA2D40A5AD6F721D42C3E2E05F24
RM,2021-01-20 15:20:47.325286912,15675,5,D972B021086338832484C17149B2624B,338BBA587CD4B3C42F508A1B4553E151
RM,2021-01-20 15:20:47.325302016,15680,10,D972B021086338832484C17149B2624B,F9DD3B34052581BB39B9B6C020112F6A
RM,2021-01-20 15:21:02.321716224,15660,13,A77A42DE8EDB2070060BDA104C6A155C,38284C353E8090C02418DB1DC41E209E
RM,2021-01-20 15:21:21.304504320,15665,5,C2AC14617B317CF3447A06E0F8CA16F7,A2A50BE2AF05D67C636350E4A6D79EE0
RM,2021-01-20 15:21:21.304519680,15665,5,C2AC14617B317CF3447A06E0F8CA16F7,A4267C8E5E99BBC0A8E8D46ED2C16135
RM,2021-01-20 15:21:26.321807872,15665,37,5D9FB621CE8886F714E0F012DA87D321,478B70D2758ED209B0199D57A9A547C3
RM,2021-01-20 15:21:26.321823232,15665,5,5D9FB621CE8886F714E0F012DA87D321,6B4D9D16AB71D4CBDFE53DE07C14274C
RM,2021-01-20 15:21:26.321838336,15670,37,5D9FB621CE8886F714E0F012DA87D321,CF720AF18B62052888CC36B6405A9889
RM,2021-01-20 15:21:26.321853696,15680,340,5D9FB621CE8886F714E0F012DA87D321,F9DD3B34052581BB39B9B6C020112F6A
RM,2021-01-20 15:21:26.321868800,15685,263,5D9FB621CE8886F714E0F012DA87D321,2CDB93060425E5740CE86452DBE5F1A4
RM,2021-01-20 15:21:26.321884160,15690,8,5D9FB621CE8886F714E0F012DA87D321,F90F2807D50BD25A02F022AFA696F645
RM,2021-01-20 15:21:26.321899520,15690,250,5D9FB621CE8886F714E0F012DA87D321,C74C70113BA2D5AE69FB64D2027A1562
RM,2021-01-20 15:21:26.321914624,15690,60,5D9FB621CE8886F714E0F012DA87D321,24209BA3BB5D1A62448C9E50F80EDF2E
RM,2021-01-20 15:21:36.594604544,15665,3,A77A42DE8EDB2070060BDA104C6A155C,C85911C7645F51D7C9ABCCE12FE459A8
RM,2021-01-20 15:21:36.594726656,15660,9,F1504B6B4875B3889DB403916021CB72,3C76148D361ED4318FBC8AB38A7FCA46
RM,2021-01-20 15:21:47.417358336,15660,1,F1504B6B4875B3889DB403916021CB72,7759A423BAD7F0EC9A0C699699A55D2D
RM,2021-01-20 15:23:02.003616256,15660,52,7F250F8F371AF2091DA3D7E09A64F0DA,D76783E899E4F7B84BD720840BB75AD3
RM,2021-01-20 15:23:02.006332416,15660,4,7F250F8F371AF2091DA3D7E09A64F0DA,A59F28C8285FC16698186A05CABDD0BD
RM,2021-01-20 15:23:02.006500352,15660,47,91B124C73D4487FF869357179A228427,A59F28C8285FC16698186A05CABDD0BD
RM,2021-01-20 15:23:29.417373696,15660,9,2E1DA977A7DE8121AAB3D69F4226FC66,22796D16AB54CEDBA337DC47A2AF8832
RM,2021-01-20 15:23:29.417388800,15665,3,2E1DA977A7DE8121AAB3D69F4226FC66,ABB3B7938CB8FD560249D0BFFD07793C
RM,2021-01-20 15:23:29.417404160,15665,38,2E1DA977A7DE8121AAB3D69F4226FC66,543A277016CF65C12803D5B3C2C8D1BF
RM,2021-01-20 15:24:00.145660416,15660,25,FB9A39D04C59FDF2A9A8CB6846185D08,683ED71637E94B713E2EE9A7E3802220
RM,2021-01-20 15:24:24.895187456,15660,100,FB9A39D04C59FDF2A9A8CB6846185D08,ABA7D3FBFCED419F427ED37FCAF3B273
RM,2021-01-20 15:24:24.935409664,15660,125,FB9A39D04C59FDF2A9A8CB6846185D08,694F0D777BA8D5B858986D778E950028
RM,2021-01-20 15:24:24.935424768,15660,1,A0A424BCF87FD1C08CC5548845059156,694F0D777BA8D5B858986D778E950028
RM,2021-01-20 15:24:26.750198272,15655,14,8688C0828B964AF3790D74DE9754F816,07FE276242DD758D79AAD789AD8458D6
RM,2021-01-20 15:24:26.750472960,15655,16,8688C0828B964AF3790D74DE9754F816,4D748274C2184C067BB56915B314D20D
RM,2021-01-20 15:25:03.072616704,15615,8,38DDBFE5B8B696D09C6F2324618E743C,924A75F30DC41580FD19E867E7A4AE67
RM,2021-01-20 15:25:03.072631808,15610,17,41CA6D87F493ABC59A4B1161CEA2B910,924A75F30DC41580FD19E867E7A4AE67
RM,2021-01-20 15:25:08.822158848,15615,16,300C61292D7BBA133B3A6847AB22A8A8,5CE3D3D2A207E48066282D773F01C86F
RM,2021-01-20 15:25:12.365295360,15610,33,41CA6D87F493ABC59A4B1161CEA2B910,5CE3D3D2A207E48066282D773F01C86F
RM,2021-01-20 15:25:12.365310720,15610,51,15050E874711D0B7F09263A69E90DB80,5CE3D3D2A207E48066282D773F01C86F
RM,2021-01-20 15:25:38.230163456,15635,2,DD3CD4107D0F57895C7ED08638E29841,74B1434F9EF40C16B6CD2E4132984880
RM,2021-01-20 15:26:14.001831168,15625,205,AB5D4C16D03F085E21CD4FE9E5790844,FE38326449D747DD2338C788B8F0BD55
RM,2021-01-20 15:26:22.003799552,15610,199,15050E874711D0B7F09263A69E90DB80,FE0D900657B3CB893B775D3073550849
RM,2021-01-20 15:26:22.003814656,15610,450,41CA6D87F493ABC59A4B1161CEA2B910,FE0D900657B3CB893B775D3073550849
RM,2021-01-20 15:26:22.003830016,15605,853,5DFB8B41DC74252345DBBBA5698B3714,FE0D900657B3CB893B775D3073550849
RM,2021-01-20 15:26:58.202377216,15625,30,41501C6F6E176BB48356FCC473B24E9F,12F8564833E0363826664167B933A2BB
RM,2021-01-20 15:28:08.000778240,15610,14,CB5496C06601BDC4A241E932128FF1D0,AC66524213F548F0F769CC2B83EC4C43
RM,2021-01-20 15:28:20.761550848,15610,186,CB5496C06601BDC4A241E932128FF1D0,694F0D777BA8D5B858986D778E950028
RM,2021-01-20 15:28:20.761566208,15605,137,5DFB8B41DC74252345DBBBA5698B3714,694F0D777BA8D5B858986D778E950028
RM,2021-01-20 15:28:20.761581312,15600,14,52E61A4EC0B3BAAD22BC5BB857E25674,694F0D777BA8D5B858986D778E950028
RM,2021-01-20 15:28:20.761596672,15600,37,51256508ADF8C5F2D09742871B726F04,694F0D777BA8D5B858986D778E950028
RM,2021-01-20 15:28:32.896759040,15615,50,EC303644AB8DD12724377275C81C2DE9,70CC4AA346BC1B43941AD6311DB10707
RM,2021-01-20 15:28:32.896865792,15600,45,51256508ADF8C5F2D09742871B726F04,3611EA5790064E95094A144562C7D458
RM,2021-01-20 15:28:36.832000768,15600,18,51256508ADF8C5F2D09742871B726F04,12F8564833E0363826664167B933A2BB
RM,2021-01-20 15:28:36.832015872,15600,20,2B3127A5E8FE8AF13EF06FB02B386160,12F8564833E0363826664167B933A2BB
RM,2021-01-20 15:28:36.832031232,15600,10,A4F8995C7B81BCB9A3C140EAF6039048,12F8564833E0363826664167B933A2BB
RM,2021-01-20 15:28:36.832046592,15600,50,BDD9E42C34F0EEEDB681B42B8B0F02CB,12F8564833E0363826664167B933A2BB
RM,2021-01-20 15:28:36.832061696,15600,64,65AA593D7435B43764B6F6CEC388C7CE,12F8564833E0363826664167B933A2BB
RM,2021-01-20 15:28:36.832077056,15600,5,83779B0708858376BD6BE7D05BBC2BA8,12F8564833E0363826664167B933A2BB
RM,2021-01-20 15:28:36.832092160,15600,50,915F11CF4ACA0285D8A98D47B792FEE0,12F8564833E0363826664167B933A2BB
RM,2021-01-20 15:28:36.832107520,15600,25,E4982167817AD8A44186DAA8F4423B72,12F8564833E0363826664167B933A2BB
RM,2021-01-20 15:28:36.832122880,15600,100,F54DD94291B4709DF4BE109C118C6861,12F8564833E0363826664167B933A2BB
RM,2021-01-20 15:28:36.832137984,15600,10,632A0638FB99DC1F20C243D1C53E69DA,12F8564833E0363826664167B933A2BB
RM,2021-01-20 15:28:36.987350528,15595,5,1DF2B510BB69B097544B43F3F0D115BC,6D72F1FFC14EA54CAE5912695652A3E4
RM,2021-01-20 15:28:36.987579392,15590,10,7247CDE7F3669B80B6409D7564A2814E,6D72F1FFC14EA54CAE5912695652A3E4
RM,2021-01-20 15:28:36.988449024,15585,10,CCD7858E6DB77377F81A038CB8E1A009,6D72F1FFC14EA54CAE5912695652A3E4
RM,2021-01-20 15:28:36.988494848,15585,1,006A0A74EE8AAAB58FBD951204484167,6D72F1FFC14EA54CAE5912695652A3E4
RM,2021-01-20 15:28:36.988525312,15585,5,10B2B9C1620B6AEC2A9B7BC0DA18516E,6D72F1FFC14EA54CAE5912695652A3E4
RM,2021-01-20 15:28:36.988540672,15585,20,10B2B9C1620B6AEC2A9B7BC0DA18516E,70CC4AA346BC1B43941AD6311DB10707
RM,2021-01-20 15:28:36.988632320,15580,1,470FB9C58069FEC8FDDEF04B4FA82955,F8673A4AB4DB08579F7EFA0AB0A28606
RM,2021-01-20 15:28:36.988693248,15585,11,5193A08BE219B605EDEA42C460B49C24,70CC4AA346BC1B43941AD6311DB10707
RM,2021-01-20 15:28:37.001831168,15585,10,F29724DBD87E2767E16F531A3FEEFCE6,70CC4AA346BC1B43941AD6311DB10707
RM,2021-01-20 15:28:37.006210304,15585,5,0983D36FA5B4793DD1DA8E9E982DB758,70CC4AA346BC1B43941AD6311DB10707
RM,2021-01-20 15:28:37.007369984,15580,5,CF66B84B86A6ABCAA1518AF4D1D16E6B,0B5A2F279DC1441EA29C95E2F0F2D261
RM,2021-01-20 15:28:37.086212096,15585,1,AFF403EB57117C09AD7D718E4AA2C86E,70CC4AA346BC1B43941AD6311DB10707
RM,2021-01-20 15:29:03.817764352,15580,5,CF66B84B86A6ABCAA1518AF4D1D16E6B,70CC4AA346BC1B43941AD6311DB10707
RM,2021-01-20 15:29:03.818847744,15570,50,3F4F2996782E54CF2CD1AA0F194523B1,70CC4AA346BC1B43941AD6311DB10707
RM,2021-01-20 15:29:03.818862848,15570,25,34E2BD08165B26DB88C34A8F948EFCF7,70CC4AA346BC1B43941AD6311DB10707
RM,2021-01-20 15:29:03.819168000,15570,16,7F24CF9E3AA2CBFDDDCB6FF2017BE7E2,70CC4AA346BC1B43941AD6311DB10707
RM,2021-01-20 15:29:07.248886016,15550,50,58F02EF370ADB75E37B944E9C5B5C1F8,70CC4AA346BC1B43941AD6311DB10707
RM,2021-01-20 15:29:07.249587968,15550,10,A029637564B83C1C35EBD404AEED2C64,70CC4AA346BC1B43941AD6311DB10707
RM,2021-01-20 15:29:07.249679616,15550,10,F667FDA0236AE0B427750D93B3A0309A,70CC4AA346BC1B43941AD6311DB10707
RM,2021-01-20 15:29:07.249786368,15540,5,D07EAEDABF9C8E2BC15E7E5A8D23BE01,70CC4AA346BC1B43941AD6311DB10707
RM,2021-01-20 15:29:07.249969408,15540,10,2DDF2AF718FBE970D60157937519E917,70CC4AA346BC1B43941AD6311DB10707
RM,2021-01-20 15:29:07.250213632,15540,10,5EE6CF2233DAF0632D8F3E066F5906E5,70CC4AA346BC1B43941AD6311DB10707
RM,2021-01-20 15:29:07.262329088,15540,10,685D704BB9FF45A541F115F538BC84DB,70CC4AA346BC1B43941AD6311DB10707
RM,2021-01-20 15:29:13.691330048,15525,8,2FE2C0646794C3AD563E6B7E8E9E7D77,70CC4AA346BC1B43941AD6311DB10707
RM,2021-01-20 15:54:25.378311168,15630,13,7D4096440703BEF4DF9CBED88148A3A1,EE3463043F4C1A55C81705664F75F124
